name,email,country,signup_source,referral,signup_purpose,subscription_level,payment_method,sso_id,email_verified,enabled,registered_at
Joanna Garcia,alexander94@example.net,Macao,twitter,https://bryant.info/,business,free,credit_card,4f9998ee-06ea-4e2e-bf33-0008f26b8619,True,True,2024-05-06T15:21:33
Scott Foster,dawnmitchell@example.net,Malawi,other,http://www.price-thornton.net/about/,business,enterprise,credit_card,80b9fb97-2b27-4f0c-affc-448559be4bae,False,True,2024-05-06T16:11:17
Rebekah Adams,amandarios@example.com,Guam,google,http://santiago-ellis.com/,business,premium,other,463b867d-4dcd-45f5-a122-273f8ab5c8cb,False,True,2024-05-06T16:16:52
Zachary Stephens,jason55@example.org,Cote d'Ivoire,facebook,https://ray-young.com/faq/,other,enterprise,check,58c97c35-e07c-4ce7-b063-d4ce757b8175,True,True,2024-05-06T16:35:57
Morgan Lee,diane05@example.net,Hong Kong,twitter,http://valdez.com/list/posts/index/,business,trial,paypal,3f50dd51-dfb6-4752-9fc9-e30820779a25,False,False,2024-05-06T17:11:58
Rebecca Jones,woodardregina@example.com,Mozambique,facebook,https://www.galvan-brown.org/homepage.htm,education,enterprise,paypal,0a669863-0c78-4802-8d15-3b6eb07c8349,False,False,2024-05-06T17:25:29
Bradley Pittman,ejones@example.org,Kuwait,other,http://www.duke.com/terms/,education,enterprise,other,9d693c62-aa87-4085-9060-ae337b9f1215,True,True,2024-05-06T17:44:29
Angela Allen,parkerjames@example.org,Saint Barthelemy,google,https://allen.com/homepage/,personal,enterprise,check,48647994-725f-4793-b005-d6a981063321,True,False,2024-05-06T17:45:54
Kelly Rodriguez,christinemcmahon@example.net,Haiti,twitter,http://mitchell.biz/wp-content/privacy.jsp,personal,premium,credit_card,ae86af43-6b3b-4495-9ef2-9f6b793f710c,True,False,2024-05-06T18:06:42
Gregory Aguilar,pgarcia@example.com,El Salvador,twitter,https://www.maxwell.com/categories/home/,personal,premium,other,09ee5808-d46e-43f6-ad56-6dc49dad0524,False,False,2024-05-06T18:36:22
Kathryn Cooke,wyattbryan@example.com,Western Sahara,google,https://meyers-ramsey.com/login.php,personal,enterprise,check,6337fe75-7c8c-4aba-bfcd-4e22770f7320,False,True,2024-05-06T18:39:57
James Thomas,hamiltonwalter@example.com,Ethiopia,facebook,https://davis-bell.biz/main/login.htm,education,trial,paypal,3af2693b-0d15-4780-9fc8-b1015319bd10,True,True,2024-05-06T19:37:12
Sara Simmons,hancockjill@example.org,Haiti,facebook,https://cisneros.com/terms.html,education,trial,other,646b9f76-e829-41ab-a814-d3e525e6c08a,True,True,2024-05-06T20:09:53
Terri Villa,zcrawford@example.com,Netherlands Antilles,twitter,http://www.stephens.net/tag/login/,education,free,other,2498ba94-0755-4f63-90a2-143fc903282c,False,True,2024-05-06T20:11:04
Erica Miller,joshuaanderson@example.net,Norway,facebook,http://www.wilson.com/search.asp,business,enterprise,credit_card,88f0d231-7452-41ff-b928-d31de1c503d3,False,True,2024-05-06T20:16:21
Jamie Gardner,glassann@example.net,Estonia,google,http://www.berger-russell.com/,other,premium,credit_card,81b5591b-caac-4eb9-8ed1-b554978d317c,False,True,2024-05-06T20:38:27
Michelle Brady DDS,cookdwayne@example.net,Paraguay,twitter,https://simmons.com/terms.php,other,trial,paypal,d2e241bd-7f83-47ac-aa4f-7a8367908737,True,False,2024-05-06T20:59:19
Michele Rodriguez,heather80@example.net,Northern Mariana Islands,google,http://www.mckee.com/index.html,personal,free,check,bba0d779-3152-4749-a9da-70a30b87d8d7,False,True,2024-05-06T21:27:27
David Ayala,theodore53@example.net,Tunisia,facebook,https://www.adams.com/home/,business,trial,check,b4355031-7493-4d62-beb1-1f02dce29304,True,False,2024-05-06T21:53:31
Madison Morris,cmadden@example.org,Zimbabwe,facebook,http://rivera-myers.org/categories/explore/categories/author/,business,enterprise,paypal,e269ebad-fc3a-490b-84b0-7a2fddd78f7a,True,False,2024-05-06T21:56:24
Melissa Smith DDS,margaretlee@example.com,Japan,other,https://shaffer.com/register/,business,free,other,67efd3a3-4aed-4f83-8736-c68fe7ef1378,False,True,2024-05-06T22:21:19
Benjamin Holland Jr.,rothrodney@example.com,Reunion,twitter,http://www.simmons.com/home/,personal,free,other,18b45f8a-b0d7-441e-9b4e-fa48e952b941,True,True,2024-05-06T22:49:09
Margaret Stewart,lwalter@example.com,Guyana,facebook,https://www.hernandez.org/,business,premium,paypal,1494e30d-3a4c-4f14-b084-e17ad716e235,True,True,2024-05-06T23:19:11
David Conrad,valenzuelathomas@example.net,Martinique,google,http://brandt.info/categories/search.htm,business,premium,other,4223542a-3e41-4a04-a0e0-0042c7b1cb60,True,False,2024-05-06T23:28:28
Melissa Howell,amy72@example.org,Uruguay,google,http://buchanan-allen.info/main/tags/posts/home.html,education,enterprise,paypal,ae78deb1-bcaa-42fa-b584-f235e4e92035,True,False,2024-05-06T23:36:58
Edwin Owens,anthony55@example.org,Lithuania,twitter,http://martin-moody.biz/posts/homepage/,other,enterprise,other,e2e2028d-94b3-4a76-9f2e-f9de9fa15913,True,False,2024-05-07T00:40:58
Nathan Rivers,vhunt@example.net,Falkland Islands (Malvinas),google,https://wilson.biz/faq/,personal,free,credit_card,f545b786-ffa9-4edd-9044-789884ed4e2c,True,False,2024-05-07T01:53:01
Lisa Hernandez,anthonyolsen@example.com,Ukraine,facebook,https://smith.com/about/,business,trial,credit_card,019661d2-5240-4af1-86ad-7a3f1c2134cb,True,False,2024-05-07T02:02:48
Andre Barnes,xlowery@example.net,Aruba,google,https://snyder-murphy.com/,other,trial,check,f2eff6c5-485e-47f7-9941-40c8e5ca82b0,True,False,2024-05-07T02:47:35
Drew Simon MD,hprince@example.com,Cuba,facebook,https://www.weber-buckley.com/homepage.jsp,education,enterprise,other,9280c0ab-a50e-4307-a807-05396eee7d85,False,True,2024-05-07T03:00:17
James Gonzalez,hardyrachel@example.org,Anguilla,facebook,http://hawkins.com/search/,education,trial,check,25c32566-37be-4fad-aa9a-9976341a6c79,True,True,2024-05-07T04:08:28
Ariana Wilson,melissa55@example.net,Papua New Guinea,facebook,http://www.summers.com/,other,free,credit_card,d1a2ac72-55d9-4f20-803e-e8cd000527bd,False,False,2024-05-07T04:45:29
April Miller,kimberly60@example.com,Pakistan,twitter,https://www.bass.info/tags/homepage.php,business,trial,credit_card,26ef4c17-baa2-4cdc-a9e2-8655a57f9d57,False,True,2024-05-07T05:02:18
Carla Hunter,jill51@example.org,Heard Island and McDonald Islands,other,https://www.morrison.info/app/search.jsp,business,premium,paypal,68129a65-0744-412d-871c-74df02a8796f,True,False,2024-05-07T05:37:56
Andrew Miller,saunderswilliam@example.com,French Guiana,facebook,https://murray.com/list/app/blog/author/,education,free,other,5cb7168c-c645-41a7-9abb-c8d36d182a6c,True,True,2024-05-07T05:59:17
Melissa Smith,theresagonzalez@example.net,Lesotho,other,https://www.jones.com/author/,business,enterprise,paypal,e983e0ba-93d5-4b80-b4b1-0236ced9f7b1,True,False,2024-05-07T06:00:22
Bradley Nixon,ftran@example.com,Chad,facebook,http://www.velazquez.com/posts/tags/search/,business,premium,check,9648dc1d-234b-4f54-9793-acbf6e54c28e,True,False,2024-05-07T06:05:18
Sandra Rose,wrightlisa@example.net,Jordan,other,http://williams-walker.info/,education,free,credit_card,e3bae10c-2844-4f6e-9eb4-ba8a06daf6dc,False,True,2024-05-07T06:07:15
Jesse Taylor,amandagonzalez@example.net,Pakistan,facebook,http://www.hunter.com/search/about/,other,enterprise,check,57f1bf80-180f-4c4c-86bd-59460a2931c9,False,False,2024-05-07T06:52:53
Stacy Jones,sgreen@example.com,Guernsey,facebook,https://www.gardner.com/privacy.html,personal,trial,credit_card,4e2d901e-2f59-41d7-a4b0-11216926575d,False,True,2024-05-07T06:54:32
Mary Snyder,awarren@example.com,Bahamas,twitter,https://carey.info/register/,other,free,credit_card,6a26dcce-ef66-4d7f-91cf-48faee4a8676,True,True,2024-05-07T07:09:38
Tina Singh,jsmith@example.com,Saint Pierre and Miquelon,twitter,http://kennedy-rodriguez.com/privacy/,business,free,credit_card,3953c3fe-ffbd-4357-8bac-2df11a699aad,True,False,2024-05-07T07:13:37
Christina Pierce,mckinneyjoshua@example.net,Tonga,facebook,http://gutierrez.com/explore/login/,education,enterprise,check,d3266a90-e233-48d4-914d-a2e4fe024b25,True,True,2024-05-07T07:54:19
Leslie Little,danielsmith@example.net,Turkey,twitter,https://chang.biz/posts/explore/tag/home.jsp,business,enterprise,paypal,b5215485-31ba-4289-a97b-0eec61dfb5ad,False,True,2024-05-07T08:07:58
Katherine Padilla,huntermeredith@example.org,Marshall Islands,facebook,https://reyes.info/index.php,business,premium,other,0d2dc58c-e623-4227-93c3-fda3dc201e80,False,True,2024-05-07T08:15:40
Tommy Rogers,pespinoza@example.com,Austria,other,https://www.simmons-sheppard.biz/wp-content/blog/blog/register/,business,trial,paypal,68afffeb-4feb-448e-9ada-9ffa84245f86,False,True,2024-05-07T08:16:00
Lisa Myers,doughertykenneth@example.com,British Virgin Islands,twitter,https://fuller.org/main/posts/main/search.htm,other,premium,paypal,ceb1fcb6-3a07-4513-ae5a-11023ee7aab4,False,False,2024-05-07T08:47:31
Randy Burns,oflores@example.com,Holy See (Vatican City State),google,http://www.richardson.biz/categories/faq/,personal,premium,other,44b37c3c-fb70-4e27-ab00-02e587adb924,True,False,2024-05-07T10:46:46
Kenneth Ruiz,frice@example.org,Italy,facebook,http://flores-murphy.com/author.htm,business,trial,check,d8ce0aca-c5c3-4bab-9686-6c45869b25e0,False,True,2024-05-07T11:48:58
Mackenzie Jones,alyssastevenson@example.org,Cuba,twitter,https://www.robinson-ford.com/posts/home/,education,premium,check,5f5ea4ff-dbeb-43eb-b6a7-5597b3db59b4,False,True,2024-05-07T11:54:33
Tammy Floyd,haroldlewis@example.org,Georgia,google,http://reed.com/,personal,free,credit_card,5b0251b2-0168-49f0-afab-72fccea98222,False,False,2024-05-07T12:19:10
Jeff Howard,kimberlymayer@example.com,Isle of Man,facebook,http://cruz-peterson.com/privacy.htm,other,free,other,eeb1de8b-3ac1-4dbf-9bbd-b20d214cfc78,False,True,2024-05-07T12:20:03
Caroline Dillon,robertvargas@example.com,Dominica,google,http://rush-davis.biz/,business,enterprise,credit_card,560cb572-63a6-4577-9bee-c397a16f5eb1,True,False,2024-05-07T12:45:50
Alicia Johnson,herreraannette@example.com,Guadeloupe,twitter,http://www.rogers.com/,education,trial,credit_card,1a61b547-7378-4001-9520-55b76592fc72,True,True,2024-05-07T12:57:23
Renee Henderson,christinehernandez@example.org,Cameroon,twitter,https://white-larson.com/category.htm,personal,enterprise,other,2f99428c-4701-4143-a6d7-f2c1f7d99cc5,False,True,2024-05-07T13:01:17
Daniel Vang,lawrencetyler@example.com,Falkland Islands (Malvinas),twitter,https://rodgers-barnes.com/index/,personal,enterprise,other,4a5cfab6-5655-41b1-9028-e61a2dfedb3f,False,True,2024-05-07T13:02:27
Samantha Kennedy,amberwilliams@example.com,Cook Islands,google,https://www.miranda-carpenter.com/home/,personal,enterprise,other,694c8822-a66a-4f74-9776-5f142146e657,False,False,2024-05-07T13:05:42
Robert Higgins,lambertjohn@example.com,Romania,other,https://www.craig-nguyen.net/list/homepage/,education,enterprise,paypal,c224105a-1215-4e1c-99f6-e7cf789b2fae,True,False,2024-05-07T13:06:32
Megan Bishop,brownterry@example.com,Gabon,facebook,http://irwin-fernandez.biz/terms/,other,enterprise,credit_card,7c085452-8ad3-45df-b996-b35bf11fd428,True,True,2024-05-07T13:08:33
Julia Watson,tsalas@example.com,Benin,twitter,https://www.davila.net/login/,education,enterprise,paypal,5a513bb5-6b76-4ee7-9e8e-1fa05f350f5a,True,True,2024-05-07T13:26:02
Henry Nash,joerodriguez@example.com,Zambia,google,https://gibson.biz/privacy/,other,trial,other,2b8a4c43-1c75-4765-b2ee-2434352e8e8f,True,False,2024-05-07T13:37:08
Adam Reed,scottsharon@example.com,Angola,google,http://www.franco-bird.info/list/explore/posts/homepage.jsp,business,free,check,eba11d4d-c538-4fd5-8720-90b868d2746f,True,False,2024-05-07T13:55:28
Thomas Olson,sstevenson@example.net,Faroe Islands,google,https://www.hodges.net/main/explore/main.htm,business,premium,other,6cedd76e-30b5-4557-904d-6db605f9f3e6,True,False,2024-05-07T14:38:34
Alexander Johnson,christy29@example.org,Norfolk Island,google,https://www.may.biz/categories/wp-content/author.html,business,premium,check,20892048-cca2-465b-98bf-1ef1edb6bb8e,False,False,2024-05-07T14:57:59
James Walker,dsanchez@example.org,Aruba,twitter,https://avila.com/list/login/,personal,free,other,1e071875-14c4-4001-8cc0-e3f0ce4d7126,False,False,2024-05-07T14:59:58
Cindy Williams,qlewis@example.net,Tanzania,facebook,https://www.callahan.com/index.php,education,trial,other,b696cf96-1dd5-4363-8b50-a5c994eb1fd2,True,True,2024-05-07T15:04:45
Anthony Palmer,elizabethjones@example.net,Vietnam,other,https://www.ross.com/,education,enterprise,credit_card,939ef113-30bb-4a97-bd70-ef2e9bac6223,True,False,2024-05-05T15:42:12
Erin Fernandez,cooperdonald@example.net,Moldova,google,https://www.bailey.com/explore/privacy/,other,trial,credit_card,883001a2-ec6b-4156-a38c-a8dcec9d5577,True,False,2024-05-05T15:57:02
Martin Banks,kathrynthomas@example.org,Mauritius,other,https://thomas-martin.net/main.jsp,other,trial,paypal,e3f50dcf-d7fe-4096-873e-295fec3c618b,False,True,2024-05-05T16:46:16
Anthony Roberts,whitneylewis@example.net,Guinea-Bissau,google,http://www.bates-jones.com/terms.php,business,enterprise,check,83f018ec-4bbe-4eaa-959a-7f12fe350c7e,False,False,2024-05-05T16:55:46
Kimberly Edwards,dustin27@example.com,Slovakia (Slovak Republic),google,http://allen-graham.com/,business,premium,paypal,9228d919-9802-46c0-8745-54e9d5f9e7d9,False,True,2024-05-05T17:02:01
Jack Trevino,jenniferholmes@example.net,Philippines,other,http://www.griffith-solomon.com/main/,education,enterprise,other,d4913a17-5166-4e10-b42f-d2c96d2e071b,True,True,2024-05-05T17:23:32
Richard Wright,sharon23@example.org,Syrian Arab Republic,twitter,https://stafford-taylor.com/,personal,premium,paypal,9b15e9e4-1fa6-4204-b16b-a6bd95401401,True,False,2024-05-05T17:45:34
Russell Olsen,fullerjohn@example.com,Saint Kitts and Nevis,other,http://brown.biz/faq/,education,premium,paypal,3a33b2f2-081c-4e45-a892-700c28762691,False,True,2024-05-05T18:18:25
Heather Jenkins,simsjamie@example.org,Benin,facebook,https://www.tate-strickland.com/search/,other,enterprise,check,06191058-6f4f-427a-8d7b-e40fc7978f70,True,True,2024-05-05T18:40:14
Mrs. Hannah Mata,copelandjennifer@example.org,Jordan,google,https://burnett.info/,education,trial,other,c9409075-5c3f-4a17-84ff-008ddaa24c50,False,False,2024-05-05T18:49:24
Brian Johnson,richard72@example.org,Ukraine,google,https://www.lewis.com/home/,personal,free,paypal,6057bb50-0e1c-4435-8ff7-4df56b380986,False,True,2024-05-05T18:54:25
John Daniels,jfoster@example.org,Saint Helena,facebook,http://www.church.com/,education,trial,check,9f2d61f6-8069-4c06-bfa4-1da8d686979e,False,True,2024-05-05T19:04:26
Cassandra Cole,james59@example.org,Namibia,facebook,http://hall.com/,personal,free,other,11f91100-6517-493e-9983-ad2a11fad9c4,True,False,2024-05-05T19:17:22
Melissa Hutchinson,whitevictoria@example.com,Benin,other,https://www.adams-gonzalez.biz/app/tag/category/,education,trial,check,ef123a65-c9a4-4838-9adb-a7c72cd95524,True,True,2024-05-05T19:26:27
Dominique Hernandez,natasha32@example.org,Cayman Islands,other,https://www.davis.info/wp-content/app/home.html,business,trial,paypal,6489e00e-2ceb-4994-831a-87d8e13c2542,True,True,2024-05-05T19:35:45
James Howe,jared19@example.org,Guam,other,https://parker.com/blog/posts/homepage/,education,enterprise,other,3b57f8c5-18cc-4441-867c-3efac01805ae,True,True,2024-05-05T19:45:00
Lisa May,joseharris@example.net,Sri Lanka,other,https://long.com/app/category/list/home/,business,premium,credit_card,e0138836-d5f1-4bdf-b553-7607c407edd5,False,False,2024-05-05T19:48:55
Ashley Stewart,nixoneric@example.net,Cook Islands,facebook,http://www.howard.com/wp-content/search/category/register.htm,business,trial,other,5563f279-fe4e-4047-9182-77603d7d3780,False,False,2024-05-05T19:49:16
Tim Mitchell,padillarandy@example.com,Tajikistan,google,http://www.heath.com/,business,free,credit_card,62d99d41-5836-45e7-85e9-4b5d0d72501c,True,True,2024-05-05T20:05:19
Melissa Garcia,hjohnson@example.org,Lithuania,twitter,http://newton.com/main/,education,premium,other,54c281be-d803-4c8e-9e64-843dc9de5aea,False,True,2024-05-05T20:14:36
Jason Weber,bnixon@example.org,United Kingdom,google,http://www.taylor.com/post.asp,business,trial,other,070b3a1e-186b-44cd-bb27-d0646ec9829b,True,True,2024-05-05T20:26:47
Jacqueline Ware,matthew38@example.net,Lithuania,other,http://gonzalez.com/home/,education,enterprise,credit_card,f48b2b2f-b13b-430f-844e-64ada20661f5,True,False,2024-05-05T20:44:33
Jennifer Chase,jasoncurry@example.net,Turkey,facebook,https://www.scott.biz/main/faq/,business,premium,paypal,9e74a10f-d874-4865-9e9f-1490781f077b,True,False,2024-05-05T20:59:51
Jessica Sanchez,xlopez@example.org,Guyana,twitter,http://www.lee.com/tag/main/about.php,personal,free,check,110de1b5-02ac-46bb-ba40-067ee31dec0f,False,False,2024-05-05T21:19:27
David Wong,danielle15@example.com,Samoa,other,http://www.rogers.org/category/,personal,premium,paypal,c5f3583e-980f-479d-a89b-5533ccd71123,True,True,2024-05-05T21:38:18
Dennis Bishop,bianca46@example.com,Armenia,google,http://www.cantrell-allen.com/categories/category/list/faq.php,other,free,check,dad2126d-8c02-49e4-97fc-bdaf77daa7c5,False,False,2024-05-05T22:06:18
Eric Cunningham,foxmary@example.org,Greece,twitter,http://www.crane.com/search.htm,business,trial,other,cd01298b-b3c8-46ed-8137-8782557b3b3c,False,True,2024-05-05T23:04:42
Mikayla Vincent,connorbriggs@example.com,El Salvador,twitter,http://www.hudson-mcgee.com/register/,business,enterprise,check,b5aa4b96-fbb9-4793-9937-7705c4ed7fe6,True,False,2024-05-05T23:41:18
David Simmons,heidi64@example.com,Liberia,other,http://brown.info/login.php,other,premium,other,883c2b49-141a-45c4-b701-51e4752c96fb,True,False,2024-05-05T23:49:56
Anthony Shannon,xjackson@example.com,Isle of Man,google,https://weaver.info/app/list/privacy/,personal,trial,check,647e1197-8a71-4fa3-a0e0-25ef97c1c3eb,True,True,2024-05-05T23:51:23
Andrew Cruz,dawnelliott@example.org,Micronesia,google,http://www.brock.biz/faq/,education,premium,credit_card,f8f81bbe-f4ee-4f68-91cc-3130b1300f35,False,False,2024-05-06T00:10:28
Crystal Castro,chungsteven@example.net,Anguilla,facebook,http://www.brewer.biz/home/,education,trial,check,0d06bff4-7299-423b-8cdd-7fb7eb485025,True,True,2024-05-06T00:16:19
Eileen Hall MD,pattersonmichelle@example.org,Norway,twitter,http://grant.org/category/blog/home/,education,trial,other,bf8a27f8-9cec-4991-8a17-9662dabf3b11,True,False,2024-05-06T00:37:14
Barbara Lewis,pbyrd@example.net,Syrian Arab Republic,other,http://www.kline.com/,personal,trial,credit_card,2cb977cb-1665-45ac-b17e-f1731c570d37,True,False,2024-05-06T00:39:39
Alyssa Coleman,andrew02@example.org,Togo,twitter,https://www.reynolds.com/wp-content/index/,personal,premium,check,e1a4c985-fb2b-41ec-9d02-111d2a57c32e,False,False,2024-05-06T01:06:07
Anna Frost,cmcbride@example.org,Romania,google,http://www.sweeney.com/categories/explore/homepage.asp,other,enterprise,check,8f0ae27a-e554-4b39-bccc-b85c7e2c650c,True,True,2024-05-06T01:17:38
Robin Williams MD,fryedaniel@example.com,Mali,other,https://parker.net/category/privacy.asp,business,premium,paypal,b80b0585-b519-4562-a8f7-728969fb40bb,True,False,2024-05-06T01:32:55
Kathleen Ruiz,andrew11@example.org,Eritrea,other,http://ramirez.com/blog/search/,education,trial,other,ea68a391-9900-49b5-a146-efa633dc98c4,False,False,2024-05-06T03:19:36
Mr. Fernando Castillo MD,wendy00@example.org,Nicaragua,other,http://hanson.info/category/explore/app/about.jsp,other,enterprise,check,32d83bbb-0000-48a2-81dd-91ba8672a60a,True,True,2024-05-06T03:52:42
Katherine Ortega,matthewgriffin@example.org,Solomon Islands,other,https://www.frost-lane.com/search/app/index.htm,education,premium,credit_card,8f5bba76-b09d-4c7f-ba31-f69c912d92f2,True,False,2024-05-06T04:52:50
Anthony Harrell,joelbrown@example.org,Mozambique,twitter,https://clarke.net/explore/main/post/,personal,premium,paypal,baaf3365-8392-49ac-9782-9c0898dfae69,False,False,2024-05-06T04:53:58
Dennis Webb,angela21@example.org,Martinique,other,https://www.moore.com/,personal,enterprise,credit_card,8d3314dd-2b17-41b8-8484-2b8cd053c9fe,False,False,2024-05-06T05:10:35
Tina Zuniga,lnguyen@example.org,Swaziland,google,https://www.munoz.biz/faq.asp,personal,free,credit_card,91307070-cc36-4737-940f-1a093233097b,False,True,2024-05-06T05:16:48
Rachel Blackwell,mnolan@example.org,Gibraltar,twitter,https://maddox.org/search.php,personal,trial,credit_card,c4081380-ac43-47b8-866b-2847bd4677b1,True,True,2024-05-06T05:19:30
Barbara Wilson,brownmegan@example.org,Botswana,twitter,https://wallace-rodriguez.com/wp-content/list/privacy.htm,education,enterprise,other,87b4b096-3411-4886-8c83-c1d87e16f4f7,True,False,2024-05-06T06:10:04
Robert Johnson Jr.,carollawson@example.com,Gambia,facebook,http://tanner-schmitt.com/blog/register/,business,enterprise,check,4ab70dbe-794e-4759-be5f-352b56fa1be8,True,True,2024-05-06T06:15:59
James Cook,keithcruz@example.net,British Virgin Islands,facebook,https://www.anderson-smith.com/register.php,other,premium,check,8d497cbb-7a4e-4d2e-ad05-90366ea30cc1,True,True,2024-05-06T06:23:41
Dr. Jordan Graves Jr.,gomezrachel@example.net,Sri Lanka,other,https://www.hutchinson.org/category.jsp,business,trial,paypal,4b498286-e822-456b-89ec-b1cd4bc7ca50,False,True,2024-05-06T06:25:03
Kenneth Dawson,nwelch@example.org,Switzerland,facebook,http://brown.net/explore/main/author.php,business,free,paypal,be9fe3be-51e3-42e3-8b89-e09cf6d314a3,False,False,2024-05-06T06:36:27
Patrick Blackburn,craigmichelle@example.net,Somalia,google,https://www.norris-gray.biz/explore/list/privacy/,business,trial,check,3b356f00-3914-4a44-bded-3167f1d73784,True,False,2024-05-06T06:39:35
Ryan Salazar,nicolemartinez@example.com,Kenya,google,http://www.evans.com/,other,free,check,cb6db37c-2d11-476b-bd0a-b64424ba9618,True,True,2024-05-06T07:28:25
Danielle Osborn,osantiago@example.org,Cayman Islands,other,http://key-horn.info/,education,enterprise,other,d911d99b-1c7c-4467-8c8b-6e7336543926,True,False,2024-05-06T07:38:05
Ricardo Porter,natalie67@example.org,British Indian Ocean Territory (Chagos Archipelago),facebook,https://www.acevedo.com/search/list/post.php,personal,trial,credit_card,e0ba0580-ae21-4eb2-8fc7-51b34491d72b,True,True,2024-05-06T07:49:38
Dr. Andrea Raymond,roberto88@example.com,French Guiana,other,https://www.williams.com/search/,other,free,paypal,cfd1644a-1e84-4a7b-81e0-449f98a23480,True,False,2024-05-06T08:08:49
Juan Villegas,gcastaneda@example.com,Cuba,other,https://www.thompson-watson.net/app/terms.jsp,personal,premium,credit_card,b4fd578b-4744-480d-af80-e5ac075c60f1,False,False,2024-05-06T08:29:14
Wesley James,scottwhite@example.net,Thailand,facebook,http://www.clark.com/homepage/,education,trial,check,ae6f66cb-e9f0-434f-af8c-49b65b22ce56,False,False,2024-05-06T08:50:23
Sarah Anderson,phillipsgregory@example.net,Comoros,facebook,http://gilbert.info/,education,trial,credit_card,05b373c4-1118-408b-9676-3fb572d7e5f1,False,True,2024-05-06T08:53:51
Brian Ryan,tamitaylor@example.com,Norfolk Island,other,http://www.adams.net/tag/search.html,personal,premium,credit_card,c6425fcd-95d2-4284-8941-4a5bba78e824,False,False,2024-05-06T08:54:35
Michael Tate,ccollins@example.com,Portugal,facebook,http://www.thompson-wolfe.com/,other,premium,paypal,7bc518c8-c33b-427c-927e-c88b004e427c,True,True,2024-05-06T09:51:17
Christine Griffith,haileybaker@example.com,Antigua and Barbuda,facebook,https://silva-gray.com/post/,personal,enterprise,other,53b221d6-7fcd-4350-9e4c-4e40e8d089d7,True,False,2024-05-06T09:55:21
Shelby Adams,christina51@example.org,Malawi,twitter,http://www.lopez-martin.com/main/categories/main/author/,education,free,other,76fecce8-bf63-4f77-a17c-2ec0cb786ad0,True,True,2024-05-06T09:59:07
Zachary Meadows,beckerchristine@example.org,Botswana,twitter,https://www.collins.com/register/,other,premium,credit_card,913180e2-126e-4b12-adf6-22be662d5525,False,True,2024-05-06T10:07:36
Donna Ortega,jeffrey71@example.org,Nauru,facebook,https://www.rangel.com/tag/app/post.html,personal,trial,paypal,77a689e6-a682-4806-a6fe-1a7caaf9ccf9,True,True,2024-05-06T10:39:31
Scott Ward,jvega@example.com,Tokelau,google,http://clark-smith.com/,other,premium,credit_card,45e298fa-6f22-48c4-aac9-0c88cfa593f7,False,True,2024-05-06T10:45:52
Stephen Smith DDS,baldwinmichael@example.org,China,twitter,http://lopez.com/,other,enterprise,other,2134a7d2-1d0f-4e7a-826e-f250c216ef92,False,True,2024-05-06T10:58:20
Melinda Cunningham,craig29@example.com,Central African Republic,facebook,http://delgado-alvarez.com/list/search/main/index.html,business,free,paypal,84f20d11-015f-477c-a1db-6156889d8fb5,True,False,2024-05-06T11:17:37
Mr. Travis Baker,pamelareyes@example.org,Holy See (Vatican City State),twitter,https://warren-mann.com/tags/login.html,education,premium,paypal,35279867-4256-4cfa-aa20-9687193f9345,True,True,2024-05-06T11:34:23
Ross Bradford,justinshaffer@example.com,Monaco,other,http://www.nelson.com/,education,premium,check,61889fca-f0d8-4fc5-9cd0-6f57f066020a,False,False,2024-05-06T11:36:45
Kayla Tran,tinalong@example.com,Jersey,facebook,https://higgins.com/,education,free,check,54d130ef-536d-475e-8f30-74e9a010373e,False,True,2024-05-06T11:49:12
Dawn Davis,ryan66@example.org,South Georgia and the South Sandwich Islands,other,http://www.cox.net/author.html,business,premium,credit_card,ead57ed6-3694-4ae4-b815-3c375c799ed5,False,False,2024-05-06T11:57:26
Christina Chavez,kblake@example.org,Guernsey,google,http://rhodes.info/category/homepage/,personal,premium,credit_card,5ee2ff9b-b950-426a-9f5d-657619b66dd9,False,True,2024-05-06T12:15:57
Annette Reyes,wrightjames@example.com,Spain,twitter,https://wise.com/index.html,education,free,credit_card,bdec2b0a-6d45-4839-afec-db0dcc8a0537,False,False,2024-05-06T12:32:21
Justin Meyer,brenda54@example.org,Senegal,twitter,https://www.flores-gallagher.biz/faq.asp,education,trial,other,96f93881-1338-4211-b7ed-e223dca47a2b,False,False,2024-05-06T12:54:24
Eric Holden,natalie62@example.net,Cuba,google,http://mcdaniel-powell.info/,education,trial,check,2f879fae-72ab-4be7-8ad7-ba349db95d28,True,False,2024-05-06T13:29:20
Timothy Rivera,melissaanderson@example.net,Serbia,other,http://hayes.com/tag/author.php,personal,trial,other,0518e613-c1e1-4057-a37d-08e129d285f3,True,False,2024-05-06T13:37:21
Hannah Gonzalez,kaylamills@example.org,Mauritius,twitter,http://www.yoder-grant.com/tag/tags/about.htm,business,premium,check,a97b728b-ec84-455b-a091-c338d5864e1a,True,True,2024-05-06T13:43:16
Paul Khan,marco79@example.net,Guadeloupe,twitter,http://hudson-boyd.info/blog/search/tags/author.htm,education,enterprise,credit_card,d1c6d0ab-078c-4985-bbc0-de6b3f5039fe,True,True,2024-05-06T13:46:45
Gina Bush,johnathan96@example.org,Jersey,other,http://bentley.com/list/blog/author/,business,enterprise,paypal,f134061e-dccf-4660-b202-17f606953d44,False,True,2024-05-06T13:51:49
Jennifer Stuart,gary09@example.com,Georgia,google,https://www.haynes-cervantes.com/main/explore/list/main.html,personal,trial,paypal,5ea798f0-9d1f-474f-a7a4-d257e78f945a,False,True,2024-05-06T13:53:04
David Peterson,rickynelson@example.com,Lithuania,facebook,https://www.mitchell-fletcher.com/,personal,trial,paypal,09093ba2-b0a8-4251-8046-562228e97154,True,True,2024-05-06T14:09:13
Matthew Short MD,michaela59@example.net,Libyan Arab Jamahiriya,facebook,http://www.simpson.com/search/,personal,premium,paypal,a9afd26f-c6d0-4fbe-8499-21e5ea3081a9,False,True,2024-05-06T14:18:01
Rachel Brown PhD,raymond98@example.org,Saint Kitts and Nevis,google,http://cook.com/category/,education,premium,credit_card,b610d90c-83cb-4e62-8d85-2b84145db7ca,True,True,2024-05-06T14:18:15
Christopher Johnson,lopezgary@example.com,Peru,other,http://curry-robinson.com/,other,premium,credit_card,15383743-f5f4-44f1-83e4-9dd1b1ae22bd,True,False,2024-05-06T14:47:44
Lucas Rogers,matthew38@example.org,Somalia,facebook,http://www.jones.info/app/about/,business,enterprise,other,5a8420e8-62d9-4a37-b3cd-2a1a9760d003,False,True,2024-05-04T17:08:31
Jeremy Green,adamcooper@example.org,Kazakhstan,google,https://www.harris-williams.org/,personal,premium,check,bf6bad95-376e-4820-9402-4f8b5f9944f7,True,False,2024-05-04T17:59:39
Michael Craig,amber51@example.net,Argentina,facebook,https://vincent.org/posts/home.php,business,trial,other,4c2b850d-5e76-43c7-96b2-13ee60703427,True,False,2024-05-04T18:53:12
Shawn Malone,masseyadam@example.org,Gibraltar,twitter,https://www.becker-hill.com/category/home/,personal,enterprise,check,6600578f-81d9-4239-ad74-82ad2adc1edd,False,False,2024-05-04T18:56:05
Michelle Turner,nwilliams@example.org,Sierra Leone,other,http://www.williams.com/privacy.html,education,enterprise,other,db892a60-09a2-4963-be13-414e0e329502,True,True,2024-05-04T18:57:23
Raymond Davis,jlee@example.com,Nicaragua,other,http://www.smith.net/category.html,business,premium,other,8cf77884-d5ba-421e-a9c2-71317426acd8,True,False,2024-05-04T19:50:09
Rachel Edwards,craig30@example.org,Bermuda,other,https://www.price-wood.info/privacy.htm,education,free,credit_card,9ec09cf2-3a22-4d7b-b58a-0e92b79d010a,False,False,2024-05-04T20:08:25
William Phillips,kimrachel@example.org,Iran,twitter,http://www.doyle-zavala.org/explore/terms.html,business,enterprise,other,e0e80456-d587-45fd-acbe-dfc6fd6393d8,False,False,2024-05-04T20:11:16
Kaitlyn Palmer DVM,benjaminmoore@example.net,Australia,twitter,http://cooper.com/,education,free,check,82f7b46c-b6c2-4b90-98e1-fba5db517e1c,False,False,2024-05-04T20:24:36
Rebecca Diaz,hzavala@example.org,Saint Helena,facebook,https://boyer.info/,personal,free,check,4d04733b-bb68-4160-865f-a95cd6b12124,True,False,2024-05-04T20:44:39
Diana Cox,gmartinez@example.net,Jamaica,facebook,http://knight.biz/tag/explore/category/homepage/,personal,premium,other,f78e3123-b9d7-4653-ad82-71f8e038eb0f,True,False,2024-05-04T21:05:35
Anthony Oneill,ericaphillips@example.com,Slovenia,facebook,https://www.garrett-dean.info/,other,trial,check,ca2e5439-5029-4e15-bea6-2609d41abd2d,False,False,2024-05-04T21:43:53
Tara Moore,lmckay@example.net,Philippines,other,http://www.ayala-perez.biz/main.html,other,trial,credit_card,48c95421-308a-4ba8-b2bc-16b5b763bf8b,True,True,2024-05-04T22:44:43
Michelle Young,nicholasowens@example.com,Grenada,facebook,http://www.suarez-watson.com/index/,education,premium,other,2149d1cc-d94d-4261-ac07-aaf6e8d839b6,False,True,2024-05-04T23:18:04
Ann Gomez,amanda10@example.net,Guyana,other,https://www.dunn-moore.com/faq/,personal,enterprise,other,ed1c2937-36f2-4b2e-9e0c-1a774049097c,False,True,2024-05-04T23:52:11
Brooke Bender,manuelrivas@example.org,Nepal,twitter,https://flores.info/main/,other,premium,other,59bfeec0-fd40-4c07-84b8-b87584cfd32f,True,True,2024-05-05T00:26:27
Rachel Price,patricksullivan@example.net,Suriname,facebook,http://castro-zimmerman.biz/privacy/,business,trial,paypal,ca86d07c-72da-4cd8-93d1-1faa8fa65955,False,False,2024-05-05T01:11:32
Richard White,uclark@example.com,Mali,twitter,https://roberson-brown.info/list/app/homepage.jsp,business,premium,paypal,fd070cb9-a524-45e7-bc94-753c44c79764,False,True,2024-05-05T01:31:13
Nancy Maldonado,mitchelldaniel@example.org,Czech Republic,other,https://www.stanton-benitez.org/faq.html,business,free,credit_card,4e9733f0-8582-4eef-9254-6e8dd8f2325b,False,False,2024-05-05T01:52:19
Maria George,garciaantonio@example.com,Cyprus,google,https://www.mendez.org/faq/,personal,trial,check,8948c33e-59c9-4bc3-9cb6-8ed6a876e77c,False,False,2024-05-05T02:25:19
Megan Dodson,nicholaschavez@example.net,Poland,facebook,https://www.cline.net/wp-content/categories/explore/login.htm,business,free,other,85e55f3a-9af5-46f2-ab7d-ba78e01bdb40,False,True,2024-05-05T03:07:08
Ashley West,kevin99@example.org,Monaco,twitter,https://www.williams-richardson.info/,education,trial,paypal,dabb3cfc-e735-4f5a-b709-b43d3e18dc07,False,False,2024-05-05T03:12:33
Rachel Kidd,kelly59@example.org,Rwanda,twitter,https://www.porter.com/category/list/search/terms/,other,free,credit_card,ca3a74fe-6d17-4a07-a61b-1de7c0fb6912,True,True,2024-05-05T04:22:36
Suzanne Campos,davenportdalton@example.net,Andorra,twitter,http://www.mckinney-hudson.com/,business,free,other,eb1c2a20-3042-4980-af61-6d305ff2d284,True,True,2024-05-05T04:39:07
Andrew Vincent,jimeneznathan@example.net,Croatia,twitter,https://grant.biz/category.html,personal,premium,credit_card,fb30d01a-b36b-474e-9475-d0c81c44d05e,False,True,2024-05-05T05:00:10
Megan Roth,curtis14@example.org,Sweden,other,https://www.melton.com/category.html,business,free,other,e3fd43b7-a711-42c8-bb6f-df47554542ee,False,False,2024-05-05T06:08:55
Sean Lewis,jamesyates@example.net,Congo,other,http://www.campbell.com/,personal,trial,check,f45e1dcf-5cff-49d2-ba78-55a341b2eada,True,False,2024-05-05T09:29:03
Kim Camacho,christinegarcia@example.com,Montenegro,twitter,http://www.wade.com/main/wp-content/search/search/,personal,free,other,368937c2-de3a-4e7c-b5dc-d8305671d4d7,True,False,2024-05-05T09:37:15
Casey Castaneda,fryedouglas@example.org,Netherlands,facebook,https://graves.com/category/,personal,premium,check,23e0442b-3ea2-4b07-b941-7f6afbc98ead,True,False,2024-05-05T09:54:30
Morgan Stewart,ymacdonald@example.org,Chad,twitter,https://ward.com/,business,trial,check,141cdf3e-12bd-457d-ad80-f110a759e13d,False,False,2024-05-05T10:23:43
Regina Alvarez,brittneymartinez@example.com,Cook Islands,facebook,https://www.edwards-rodriguez.com/home/,personal,trial,paypal,3221b76f-86e5-432b-92b6-4568130874cd,True,True,2024-05-05T10:48:16
Kristina Patel,pskinner@example.net,Algeria,google,http://perez-guerrero.com/terms.html,education,enterprise,paypal,cef12cf9-1b38-4e87-a1d0-99f5e829b2a9,True,False,2024-05-05T11:20:05
Gwendolyn Patterson,cheryl97@example.net,Palau,facebook,http://ortega-williams.info/app/main/,personal,free,paypal,05969e6a-58c5-40b8-b4e1-aede358fc310,False,False,2024-05-05T12:18:18
Olivia Wells,nfisher@example.org,Saint Vincent and the Grenadines,google,http://davis-martinez.com/,business,enterprise,credit_card,4cc267f9-6a79-43f0-9ac6-b876d386e1c7,False,True,2024-05-05T14:17:09
Meredith Patterson DVM,joshua36@example.org,Northern Mariana Islands,twitter,http://barry.com/,personal,trial,other,3841ec26-5ed0-4bf5-a329-76eb4054ade4,True,False,2024-05-05T15:02:31
John Bryan,cherylpowers@example.com,French Southern Territories,twitter,http://craig.org/home.html,business,premium,paypal,f675bd0e-872a-4e86-a5e0-3331255b9fe9,True,True,2024-05-03T15:40:45
Stephanie Rodgers DDS,teresamiller@example.net,Antarctica (the territory South of 60 deg S),facebook,http://www.green.org/blog/list/list/search/,other,premium,check,673ed53a-4e6c-4a5f-9393-665c8baaa74f,True,False,2024-05-03T16:21:01
Cody Patel,jasonfields@example.com,Indonesia,other,https://johnson-armstrong.com/author/,other,trial,credit_card,2f558782-1f07-4b7f-841c-eaeae7392601,False,False,2024-05-03T16:27:14
David Mata,cmason@example.net,Hong Kong,google,http://cobb.biz/main.asp,personal,free,check,e462cc7d-7f6e-48d7-a9ec-e1edf215f28b,False,False,2024-05-03T17:06:09
Travis Smith,whitemichael@example.net,Northern Mariana Islands,other,https://www.conrad.com/post/,personal,free,paypal,99d5aba1-e04b-4b72-a8ca-3c8fd723b6d4,False,True,2024-05-03T17:16:10
Stacey Gregory,joybrown@example.com,New Zealand,twitter,https://www.evans.com/,education,free,credit_card,3199f87c-fc95-4096-bb96-7dcf1afae47f,True,False,2024-05-03T17:28:34
Jasmine Adkins,markhernandez@example.com,Libyan Arab Jamahiriya,facebook,https://gomez.com/,business,free,other,c13a4bce-22da-4463-bc55-2908e2c9d1d1,False,True,2024-05-03T17:49:36
Natalie Sanchez,thomas71@example.org,Dominica,google,https://cunningham.org/homepage/,education,free,other,c8af7b41-4380-4f5d-bc4e-2fa32d4108fc,True,False,2024-05-03T17:52:05
William Jarvis,devonprice@example.com,Chad,twitter,https://www.tran-hudson.com/category/explore/blog/login.html,personal,enterprise,other,995daaac-4373-4ac5-a847-a2b4cf514f78,False,True,2024-05-03T18:03:36
Cynthia Miller,uholt@example.org,Tanzania,facebook,http://www.ramsey-beasley.net/post/,education,premium,paypal,cfd26f06-a7d9-4252-a5ea-d004241763e3,True,False,2024-05-03T18:38:23
Nicholas Anderson,tbarron@example.net,Egypt,facebook,http://martinez-underwood.com/post.php,business,free,credit_card,0c321fa3-d29b-408d-8e7c-84cfd5c24ee7,True,False,2024-05-03T18:49:38
Charles Stephenson,juan42@example.com,American Samoa,twitter,http://www.mathis-brewer.com/,other,trial,check,d5e8a5d7-dc26-4493-83a8-01f891ba9ad5,True,False,2024-05-03T19:41:41
Donna Brown,angelasanchez@example.com,Albania,twitter,https://www.riddle-gomez.org/main/,education,free,credit_card,8648feec-fae5-4e3f-8241-b06c4a706acc,True,True,2024-05-03T19:45:19
Richard Mercer,mjuarez@example.org,Angola,twitter,https://www.bell-ramirez.info/,education,premium,check,3e01e002-be89-495a-a476-eaf07fdf2283,False,True,2024-05-03T20:02:13
Melissa Barker DDS,alex48@example.net,Belarus,twitter,https://warren.biz/blog/login.php,other,free,paypal,18ba8c01-eb8f-4b38-99d7-882b6a427576,True,True,2024-05-03T20:24:44
Sabrina Gardner,coletamara@example.net,Antigua and Barbuda,google,https://www.scott.com/category.html,business,trial,check,eddf0cc3-d2a9-4c92-92cf-3536f71446ad,False,True,2024-05-03T20:39:32
Kaitlyn Bush,wthompson@example.net,Ethiopia,facebook,https://solomon-jackson.info/index/,other,trial,paypal,eb9af0cd-4073-4081-bbc7-760e6567a726,True,False,2024-05-03T20:42:23
Patricia Hardy,dalelittle@example.net,Korea,twitter,https://www.bauer.com/app/search/main/search/,personal,enterprise,credit_card,17089373-e4f6-4915-b282-5b350923d7a8,True,True,2024-05-03T20:46:47
Daniel Bryan,fordlisa@example.org,Korea,facebook,https://www.hayden-knox.com/about.htm,education,premium,credit_card,36c2c8ea-fe05-48bd-a445-e784837c908d,False,True,2024-05-03T21:17:43
Madison Fernandez,jjones@example.org,Saint Lucia,other,https://johnson-adams.com/tag/explore/category/terms/,education,enterprise,other,b546efe8-e6af-4dd6-825c-73636e927e57,True,False,2024-05-03T21:28:04
Kristina Thomas,mullinsann@example.net,Syrian Arab Republic,other,https://www.ferguson.org/categories/category/category/author/,personal,trial,paypal,3b6be8ba-89d4-4045-9963-c4d796acb4fd,False,True,2024-05-03T22:12:05
Richard Ruiz,melissa24@example.com,Switzerland,facebook,https://www.munoz.com/,other,enterprise,paypal,d44bac86-0628-491d-a4b6-6e7ce7b5bf2b,False,False,2024-05-03T22:16:58
Gloria Fox,justinlawson@example.org,Niue,other,https://www.ford-mccann.com/,education,premium,credit_card,e5414850-1f33-442f-93c5-f8a2e79f21ec,False,False,2024-05-03T22:30:59
Angela Lyons,brookskrystal@example.org,Western Sahara,google,http://crawford.biz/post/,business,enterprise,other,1d94a419-5cd3-42d8-a77c-226c95bcd70b,False,False,2024-05-03T22:58:44
Daniel Sanders,benjamin34@example.com,Guernsey,twitter,http://www.camacho-orozco.biz/tag/blog/main/,education,premium,paypal,fc8407d0-5b01-444b-b2f6-ffde10019e94,True,False,2024-05-03T22:59:47
Jason Gibson,frankphillips@example.net,Sierra Leone,other,https://www.lloyd.org/privacy.php,other,trial,credit_card,4af62862-3f80-489d-a5e4-8ae09ca3db66,True,True,2024-05-03T23:02:13
Marcus Rogers,lorettabryant@example.net,Brazil,twitter,https://ward.com/search/category/search.html,education,trial,other,08c20918-4b01-4cd1-a211-582afeddbdc3,True,False,2024-05-03T23:30:44
Amanda Cain,christywright@example.org,Sri Lanka,facebook,https://www.hampton-walton.org/post.php,other,enterprise,check,10c353d4-6d80-48de-a6ec-9387a5410b69,False,False,2024-05-04T00:24:09
Jack Leonard,bonnie65@example.com,Uzbekistan,twitter,https://www.livingston.com/tags/list/posts/main/,other,trial,paypal,fb501dd0-c36d-4e61-828a-4e1ca8ea8da9,False,False,2024-05-04T00:37:07
Morgan Marshall,amoore@example.net,Turkey,twitter,https://lopez-moore.com/privacy/,personal,trial,credit_card,c1f17b6f-26b6-455a-8029-ace55fdd1756,False,True,2024-05-04T00:42:26
Benjamin Hammond,sray@example.com,United States of America,twitter,https://www.chaney.org/faq/,other,trial,check,38eff576-f793-40e9-aae5-e34117586a61,False,True,2024-05-04T00:55:21
Terry Alvarez,wigginsmeghan@example.net,Ecuador,other,http://pearson-hall.biz/posts/categories/explore/about.jsp,personal,enterprise,check,0334c7d9-d3e9-45eb-ab97-908f1919d77c,True,False,2024-05-04T01:29:25
Valerie Carrillo,emily89@example.org,Malaysia,other,http://www.lang.com/list/author.htm,education,free,credit_card,b35e32dc-b571-4e4c-8e51-88f397511ce7,False,False,2024-05-04T01:43:29
David Davis,samuel82@example.org,Malta,google,http://www.harris.com/login.php,other,enterprise,credit_card,4287c181-909d-4625-84b5-40c91fa9efd8,True,False,2024-05-04T02:27:49
Mark Perry,joel70@example.com,Antarctica (the territory South of 60 deg S),twitter,https://www.jones-anderson.net/search.asp,education,trial,check,2fa5488f-495c-49f5-a691-c4ea299d8b70,False,True,2024-05-04T02:34:02
Dorothy Pitts,kylelopez@example.net,Saint Kitts and Nevis,twitter,https://jordan.info/terms/,education,premium,other,62f2874a-4155-4016-949a-6391f17ab358,True,False,2024-05-04T03:24:48
Mr. Jonathan Davis,megan41@example.net,Portugal,other,http://www.taylor-gonzalez.com/main/wp-content/tag/search/,education,premium,paypal,8c582616-f4f7-43ce-bdb3-04c71d9d7f79,False,True,2024-05-04T03:49:56
Travis Morton,justinrusso@example.org,Finland,google,http://collins.com/author.htm,education,premium,credit_card,147fad2a-f84f-4195-9c38-a6b9d22ce50c,True,False,2024-05-04T03:51:15
Matthew Edwards,loweryjeffrey@example.com,North Macedonia,facebook,http://www.hawkins.info/category/,business,premium,credit_card,5da2b52a-a872-4115-936b-99e196a9cd98,False,False,2024-05-04T04:04:16
Amanda Williams,qweber@example.com,Israel,facebook,https://www.bell.com/about.html,other,premium,check,43703d23-695f-4c21-801d-edbdf1522f9c,False,False,2024-05-04T05:07:55
Danielle Brooks,daniellopez@example.com,Saint Pierre and Miquelon,facebook,http://www.bryant.info/main/author.php,personal,premium,credit_card,ce2f524e-2deb-4a5c-8bd2-bb6d9980922b,False,True,2024-05-04T05:23:16
Zachary Campbell,anna31@example.com,Montserrat,google,https://moore.com/,education,enterprise,other,c65a279f-5efc-41a4-986b-db93873d10d5,False,False,2024-05-04T05:32:11
Steve Luna,susan18@example.com,Northern Mariana Islands,facebook,http://www.gibson-perry.biz/,education,premium,check,aaad41d7-d39c-4138-a1d1-5f5f6f7dabb8,True,True,2024-05-04T05:54:36
Joshua Pena,aaronmoon@example.com,Dominica,facebook,http://vazquez-munoz.com/explore/categories/author/,personal,free,check,59c99ef3-b55b-4382-8b68-e6195fc1e5b3,True,False,2024-05-04T06:06:39
Elizabeth Hall,kirkmclaughlin@example.org,Venezuela,facebook,https://www.lopez.net/post.htm,other,free,other,a3e1d059-d883-48d4-9f29-0ad66e8f9e9b,True,False,2024-05-04T06:11:10
Sara Thompson,gary51@example.org,Gibraltar,google,https://www.williams.com/index.asp,education,trial,other,dda1925c-d95b-469e-bfc9-f2ddd2170d1a,True,True,2024-05-04T09:14:37
Robert Reyes,nelsonstephanie@example.net,Sudan,facebook,http://www.johnson-king.org/category/faq.html,other,free,other,37c65ac0-e399-410e-bcc4-d438d6eaeef8,True,False,2024-05-04T09:15:12
Debbie Scott,kenneth12@example.org,Cote d'Ivoire,other,https://www.burke.com/posts/app/category/,personal,free,credit_card,5b9ece92-7f43-4e3d-a234-c0c59751195f,True,True,2024-05-04T09:25:30
Kevin Alvarado,aliciaherman@example.com,Saudi Arabia,other,http://www.williams.com/register/,education,premium,paypal,66cacbde-7b00-4078-96c6-b502b8ba0adf,False,True,2024-05-04T09:39:37
Jennifer Skinner,waynerice@example.com,Maldives,other,https://www.irwin.com/search/main/tag/home/,personal,free,credit_card,3811eee3-a59c-4411-8ca2-f92250784506,True,False,2024-05-04T10:08:48
Luke George,jrivera@example.org,Antarctica (the territory South of 60 deg S),twitter,https://zamora.com/search.php,education,free,check,689afbbc-4fd2-4264-8e0b-67c9e4236fae,True,False,2024-05-04T10:25:34
Brittany Powell,trancynthia@example.org,Denmark,twitter,https://www.singleton-wallace.net/register.html,other,enterprise,credit_card,1fd7f004-8b51-406c-b9fd-2189aa85e7c7,True,True,2024-05-04T10:31:57
Bonnie Brown,weeksjacqueline@example.com,British Indian Ocean Territory (Chagos Archipelago),facebook,https://www.daniels.biz/,personal,premium,credit_card,81df2ad2-c7fa-4c36-b791-27c4065f96a9,True,True,2024-05-04T10:39:34
Claire Smith,mariotrujillo@example.com,Zambia,google,https://www.moon-wilson.com/blog/blog/category/post.php,personal,premium,other,334addb2-42e3-4219-81ad-0a51782e7661,True,False,2024-05-04T10:42:45
Jonathan Mason,xbrennan@example.net,China,google,http://www.wells-trujillo.net/app/blog/category/,business,premium,credit_card,19872944-48d0-4ffc-a536-0472130ce59f,False,True,2024-05-04T11:29:18
Jessica Coffey,josephjennifer@example.net,Kyrgyz Republic,other,https://www.smith-lee.info/homepage/,personal,free,other,14395f03-a80a-465f-8310-a6f8e4d70db7,True,False,2024-05-04T11:59:09
Steven Bell,ojones@example.com,Bermuda,facebook,http://www.nicholson.com/,business,free,other,e4a994af-d631-43ef-9d87-f027afa70c7e,True,True,2024-05-04T12:02:13
Tammy Jones,washingtonterri@example.net,Saint Martin,facebook,https://lewis.com/search/category/home.jsp,personal,premium,credit_card,66063232-943d-4874-981a-78e637ec2b55,False,False,2024-05-04T12:39:53
Robert Miller,steelerobert@example.org,Timor-Leste,twitter,http://potts.com/app/categories/post.htm,other,trial,paypal,cb1702c4-f97d-46d3-95ff-32ce0d22fdac,False,True,2024-05-04T12:44:54
Matthew Kirk,cwood@example.com,Swaziland,other,https://green.net/explore/tags/category/,other,enterprise,check,d98ca3de-642d-4d66-bf72-e1161a922632,True,False,2024-05-04T12:53:05
Lisa Brown,ksmith@example.org,Nauru,twitter,https://garcia.com/blog/posts/main/terms.asp,business,trial,paypal,12397117-2ce8-4d79-aee3-6c23b7bb0fb8,False,True,2024-05-04T13:00:43
Richard Frost,butlergregory@example.org,Malta,twitter,http://www.johnston.com/privacy/,education,free,check,41c6ab5f-83a1-43b3-948a-a310da1c3d4a,False,True,2024-05-04T13:09:05
Douglas Klein,nlowe@example.net,Samoa,google,https://www.williams.net/,personal,premium,other,794bd70c-2430-4e4c-9f2d-839aa0a59a54,True,False,2024-05-04T13:20:55
Trevor Wood,hernandezmaurice@example.com,Israel,other,http://harrell.biz/,other,trial,paypal,c64abe94-47fa-4e0e-9dc5-358132c754ff,True,False,2024-05-04T13:31:42
Timothy Carter,sarah13@example.com,Monaco,facebook,http://myers-sanders.info/about.html,education,premium,other,d3639d93-b75d-4ff3-b38e-3aab4f0a0919,True,False,2024-05-04T13:38:13
Shannon Smith,jgutierrez@example.com,Micronesia,twitter,https://www.lee.com/,other,premium,other,0f521b41-6450-47cc-af6b-317cd27a59db,True,True,2024-05-04T14:52:40
Dana Lawrence,jocelyntaylor@example.net,Venezuela,other,http://www.evans.com/blog/faq/,business,trial,other,2aa2cbb3-11fb-4f41-8068-85c31de00908,True,False,2024-05-04T14:52:55
Jose Long,usteele@example.com,Iceland,twitter,https://www.hernandez.org/index/,other,premium,other,7a642e4e-8c9c-4221-acaa-7eaf75092695,True,True,2024-05-04T14:53:45
Samuel Rogers,housebrian@example.org,Iran,facebook,http://www.austin.com/register/,other,enterprise,paypal,5cc47fa0-efc0-401f-b8aa-dafa5d0aa035,False,False,2024-05-02T15:11:02
Crystal Graham,figueroapaul@example.org,Myanmar,twitter,https://burns.net/categories/home/,other,trial,check,532d095b-3c77-428f-8217-cc94e6033b06,False,False,2024-05-02T15:21:13
Russell Ramos,lchoi@example.org,Hungary,facebook,https://benton.com/index.html,personal,free,other,8467d6e9-9cde-4046-8ccb-adb9592e05a2,True,True,2024-05-02T15:41:56
Todd Carlson,laura31@example.net,Portugal,facebook,http://mann.com/faq/,education,trial,credit_card,067a80a6-3ffc-4289-9266-8f2ad7bdc09b,False,True,2024-05-02T15:42:36
Connor Knight,bethriley@example.org,Antarctica (the territory South of 60 deg S),other,https://butler.com/faq/,education,enterprise,other,38d344e4-a093-43ac-a297-ae87fe140404,True,False,2024-05-02T16:11:10
Joshua Miller,gkramer@example.net,Gibraltar,facebook,https://www.smith-price.com/tags/about.html,personal,trial,other,91af326e-02e3-4f2b-9fc5-2b3441f636c0,False,False,2024-05-02T16:35:22
Emily King,lisadelacruz@example.org,Niue,facebook,http://www.hill.biz/,business,trial,credit_card,b9276cab-f610-46d4-b084-d8b2fe298ae8,False,True,2024-05-02T16:54:02
Christopher Gonzalez,lopezdavid@example.com,Mayotte,twitter,http://vaughn.net/,personal,enterprise,check,ce2edb2d-5447-499f-b49f-b1630c59e519,False,True,2024-05-02T17:55:43
Brett Warren,anne69@example.com,Luxembourg,google,https://www.smith.com/home/,other,trial,check,24213494-0ce0-49ed-8b5e-9c0140adab34,True,False,2024-05-02T17:56:12
Charles Martinez,rodriguezbruce@example.com,Sri Lanka,google,http://www.mitchell.com/,other,enterprise,credit_card,57651645-d86d-49af-9957-7f5b19a1b108,True,False,2024-05-02T17:59:48
Ashley Pierce,guzmanseth@example.com,Iran,google,https://www.garcia.org/,other,trial,other,fe30d2a3-016b-40c8-a969-e65cc99d5b21,False,False,2024-05-02T18:00:51
John Clark,kgilbert@example.net,Uruguay,twitter,http://www.vance-davis.net/post.asp,personal,enterprise,credit_card,3068b799-f5d9-4df7-9765-c74ad8938d1d,False,True,2024-05-02T18:04:08
Dylan Mooney,kenneth33@example.net,Iran,twitter,http://www.white-beck.com/index/,education,free,check,865a25f7-d621-4f2a-9640-0ecd770d0547,False,False,2024-05-02T18:05:07
Matthew Bailey,sean43@example.com,Jordan,facebook,https://www.jordan.biz/explore/blog/posts/register/,education,premium,check,b507bc69-d8db-4cbd-8c1f-e8f6b83198fb,True,False,2024-05-02T18:29:36
Dustin Quinn,jenniferevans@example.net,British Virgin Islands,google,https://www.reed-mays.com/login.asp,business,enterprise,other,9c236cef-2706-4073-bb23-80fb1bb16dbb,True,True,2024-05-02T18:48:11
Susan Anthony,john78@example.net,Macao,google,http://www.wilson-green.com/,other,trial,other,360e8f1c-82cd-4916-a773-5c9436413f68,True,False,2024-05-02T20:03:39
Christopher Hill,lisa33@example.net,Bhutan,google,http://larson.info/tags/tags/search.htm,business,premium,paypal,2836995d-540d-4883-a056-d1d635130b2a,False,False,2024-05-02T20:07:42
Dana Armstrong,charles33@example.net,Turkey,twitter,http://hughes.com/main/,other,premium,other,7f552e95-dc21-4ae2-a9ec-668cdccd9b53,True,True,2024-05-02T20:32:56
Melinda Welch,wrollins@example.com,Cape Verde,google,http://www.ramos.com/privacy.html,education,premium,credit_card,de0b2693-9b5c-4f8f-afda-c454533cde7e,False,True,2024-05-02T20:58:10
Thomas Miller,tylermendez@example.org,Greenland,other,http://www.clark.com/index.php,education,enterprise,other,3d6534e5-064a-40e1-9b58-c00683011e83,True,True,2024-05-02T21:16:38
Jason Mcdowell,cynthia44@example.net,Saint Martin,other,http://www.brewer-bradley.com/terms.asp,other,enterprise,paypal,6d132103-f6d6-4d8f-ba21-22fc342747c2,False,True,2024-05-02T21:55:00
Natasha Mckee,ophillips@example.org,Netherlands Antilles,google,http://richard.com/register.php,education,trial,paypal,e5986829-8800-4d2c-871e-aed3102d20b4,True,True,2024-05-02T22:08:31
Erica Lewis,greentodd@example.com,Israel,twitter,https://www.allen.info/posts/main/category.html,personal,premium,check,eee65b05-b295-42ff-933e-1f13b0c4ffe6,False,True,2024-05-02T22:28:37
Samantha Sexton,michael02@example.org,Andorra,facebook,http://webb.com/list/category/search/,personal,free,credit_card,9949a57c-7dc8-4fa6-b3d9-8dc06dee7913,True,True,2024-05-02T23:03:52
James Lowe,murillojennifer@example.com,French Guiana,other,http://www.bell-davidson.com/,business,trial,other,1018fc04-15b8-4f2a-8394-b8605826f9d9,False,False,2024-05-02T23:26:27
Adam Gonzalez,ngraves@example.net,Latvia,google,https://www.gonzalez.org/post.htm,business,free,paypal,1e14e778-78c3-4196-a65e-0959057de9b6,True,True,2024-05-02T23:31:09
Bridget Williams,taylorcaleb@example.com,Seychelles,twitter,http://www.sullivan.info/home/,other,trial,other,3d131d7f-7df3-4300-9125-9d436db0fd24,True,False,2024-05-03T00:04:57
Christopher Powell,jenniferharvey@example.com,Montserrat,facebook,https://www.mccormick.com/tag/faq.html,personal,free,credit_card,be1b198a-036e-4616-83b1-cee37a8bb16b,False,True,2024-05-03T00:06:27
Ashley Ruiz,bennettjeremiah@example.org,Netherlands,facebook,http://www.alvarado.info/home.jsp,education,premium,other,904b081d-bd32-4075-859b-79332ad6914c,False,False,2024-05-03T00:45:04
Taylor Hubbard,alicia40@example.net,Italy,facebook,https://www.jones.biz/search/index.php,business,trial,other,2a9e1128-9f29-4347-a708-8a78e1b52e4e,True,False,2024-05-03T00:54:49
Levi Joseph,whiteheadjeffery@example.net,Colombia,facebook,http://www.harris-nelson.com/wp-content/author/,education,premium,paypal,d1d4deda-9645-41d8-b3bf-520b510b81bb,False,True,2024-05-03T01:08:30
Michael Hill,michaelhenderson@example.net,American Samoa,other,http://www.floyd.info/,business,free,credit_card,b791b896-a8e7-450d-8734-ab918e6bf084,False,False,2024-05-03T02:31:05
Wendy Rivera,rhayes@example.com,Guyana,facebook,http://martin-parrish.com/,business,trial,check,d782275e-564d-4999-9022-a388122159e1,False,False,2024-05-03T03:15:11
John Martinez,aarongalvan@example.com,Niue,facebook,https://www.daniels-sims.com/category/explore/about/,personal,enterprise,other,1b3b596b-a16d-4d6c-bab4-fd81eadd5b79,False,True,2024-05-03T03:29:38
Morgan Alvarado,christopheracosta@example.org,Togo,twitter,https://hoffman-hernandez.com/main.html,business,premium,other,54db0dbb-40ae-44bb-8767-17c89414a37c,False,False,2024-05-03T03:58:27
Robert Young,edward34@example.com,Guinea-Bissau,twitter,https://scott-meyers.com/categories/categories/register/,other,premium,check,65282e9b-2251-42c3-92ba-8110bcecdb07,False,True,2024-05-03T04:21:29
Gary Chambers,linda25@example.net,Ukraine,twitter,http://byrd-dawson.org/category.html,personal,premium,credit_card,84f249f1-b737-456c-a6ea-ffad3b7d7b0f,False,False,2024-05-03T05:01:06
Christopher Harrison,scott50@example.org,Belize,twitter,https://morgan-hancock.com/wp-content/login.html,business,free,paypal,97b57193-246e-4666-9a93-9900ae3e651e,False,True,2024-05-03T05:08:59
Jill Moss,lwilliams@example.org,American Samoa,other,http://www.alexander.net/blog/explore/category.asp,education,free,credit_card,2edfce29-13ac-4c0a-9378-4468e148fd31,False,True,2024-05-03T05:13:43
Maria Brown,michaeldavis@example.com,Spain,facebook,http://www.harrell-williams.net/category/,education,free,paypal,cfd21be9-372e-4895-bb51-ecf2a6a16500,True,False,2024-05-03T05:14:21
Abigail Clarke,davidsonshannon@example.net,Antigua and Barbuda,facebook,http://harris-love.info/,other,free,credit_card,1ef19f7f-a32f-46aa-8eb4-becbd121b63c,False,True,2024-05-03T05:40:03
Heather Rogers,tyleradams@example.org,Niue,twitter,http://johnson.info/post.html,personal,enterprise,paypal,34b48960-f66a-43d9-ad6a-5df87e457581,True,True,2024-05-03T05:44:32
Sharon Johnson,christopher94@example.com,Guyana,facebook,http://sampson.biz/category/,business,enterprise,paypal,3f447919-9d50-4f16-b236-d08d7de89bd7,True,True,2024-05-03T05:53:54
Daniel Gordon,parkerandrea@example.com,Nepal,twitter,http://www.dennis-norris.net/homepage/,business,trial,other,2058f257-b12e-4f53-99f3-4b61640e502e,True,False,2024-05-03T06:29:12
Leah Washington,robertpadilla@example.net,American Samoa,other,https://macias-reilly.com/search/wp-content/wp-content/category.html,education,premium,credit_card,e327c69d-8df3-4a04-9267-e253ad833e3d,True,False,2024-05-03T06:48:12
Stephanie Montgomery,john14@example.net,Suriname,facebook,http://www.bird.info/categories/posts/post/,other,free,other,052b44ec-bbab-4693-8dfd-254ded020372,False,True,2024-05-03T07:37:06
John Walker,montoyacheyenne@example.com,Palau,twitter,http://www.mullen.com/homepage.asp,personal,trial,check,7457885f-5b15-4511-83eb-6b7724c07578,True,True,2024-05-03T07:41:48
Jason Chapman,marissaramos@example.com,Nigeria,other,https://oneal.info/search/tags/tags/category/,personal,trial,credit_card,5c30973a-886f-4c5b-b2b6-6b0a5e88f405,True,False,2024-05-03T07:44:48
Christine Johnson,victor60@example.net,Nepal,google,http://cabrera-lucero.biz/explore/blog/tags/terms/,education,premium,credit_card,86e55e10-5d69-45f5-af7b-409964c6b12c,True,False,2024-05-03T07:48:33
Tracy Pierce,briankramer@example.net,Uzbekistan,other,http://www.thomas.com/,other,free,check,31779fd4-8b4c-4616-80fb-60f8b812b478,False,False,2024-05-03T07:59:43
Sophia Payne,brianreynolds@example.com,Croatia,google,http://www.brown-taylor.com/main/,business,trial,other,6fefbe90-0c01-4ddb-9b69-1eff978b45a2,True,True,2024-05-03T08:29:02
Erik Allen,elizabeth16@example.net,South Africa,facebook,https://www.espinoza-lamb.org/,business,free,paypal,c9c57b46-638a-46de-a200-f7e51e3c5a19,True,True,2024-05-03T08:32:21
Sheri Cervantes,joshua38@example.net,Costa Rica,google,https://www.rodriguez.com/posts/privacy/,other,trial,credit_card,1d4ff65c-7941-462a-9598-50a21b09d75b,False,True,2024-05-03T08:53:31
John Ballard,ymacdonald@example.com,Zimbabwe,google,https://www.howard.info/post/,business,premium,other,06ddfdcd-4e57-4532-a7ea-6b96ae358b85,True,True,2024-05-03T09:01:57
Benjamin Wilson,luishunt@example.com,Finland,other,http://wilson.org/list/category/terms/,education,free,check,ceb8f2e7-db96-4acf-b67c-96a6a5a249d7,True,True,2024-05-03T09:04:41
Amanda Dennis,joseph34@example.org,Cocos (Keeling) Islands,facebook,http://ochoa.com/app/homepage/,education,trial,other,da75fdea-890d-4922-9da7-3c3ff851b4e1,True,True,2024-05-03T09:17:47
Tina Noble,barkerdarrell@example.com,Greece,facebook,http://www.simon.info/privacy.html,education,enterprise,check,8a33e12b-2eb7-4f3b-9bba-8f1ec5d0530b,False,True,2024-05-03T09:25:36
Jonathan Barnes,henrykellie@example.org,Mauritius,google,https://www.hall-washington.com/,business,free,credit_card,67949cc7-5576-4dff-83e0-395c971792d8,True,False,2024-05-03T09:31:35
Elaine Garcia,sarah99@example.net,Sierra Leone,other,https://www.jensen-diaz.com/tags/explore/blog/homepage.jsp,other,premium,check,a084337b-29fc-4519-9520-53a5512fd871,True,True,2024-05-03T10:14:28
Anthony Carlson,yramirez@example.net,American Samoa,other,https://www.ashley.biz/,education,free,paypal,a3c997bb-7b0a-4c06-bcd7-a957c1d986fd,False,True,2024-05-03T11:13:23
Stephanie Thompson,rachel46@example.net,Guernsey,twitter,https://www.thompson.com/tags/list/author/,personal,trial,other,a661ac44-5a9f-4247-be9b-5489c4046044,False,True,2024-05-03T11:49:42
Lisa Hernandez,stevencortez@example.org,Argentina,google,http://cruz-kelley.info/terms.htm,business,trial,other,57625b9c-cad3-4f90-92e5-04df3d12ba01,False,False,2024-05-03T12:08:06
Matthew Ruiz,fowlertiffany@example.com,Macao,other,https://www.mitchell-fox.biz/,business,enterprise,paypal,4cb526b8-6fee-44ef-bdb7-7277b0188ded,True,True,2024-05-03T12:56:15
Daniel Mendoza,sloanjames@example.com,Vietnam,twitter,https://www.delgado-burch.com/post/,personal,trial,check,721c5155-665e-498c-aba9-957594a71d33,False,False,2024-05-03T13:00:58
Julie Young,mary10@example.org,Australia,google,http://www.oliver.com/list/main/category/login/,education,free,other,842303b0-5f18-46b5-9166-0b72a6038fde,True,False,2024-05-03T13:09:29
Nicholas Pitts,rothderrick@example.org,Switzerland,facebook,http://www.lopez-schaefer.com/posts/tag/about/,education,premium,check,9fe5b49c-7547-44c9-8341-f245bdc9708d,True,False,2024-05-03T13:16:06
Michael Griffin,gmcdonald@example.org,Nicaragua,other,https://www.irwin-martin.org/search/wp-content/about/,education,free,credit_card,fdc8dae3-e4ca-4806-847b-1683f79c8a1e,True,True,2024-05-03T13:20:26
Edward Pugh,sarah11@example.com,Saint Helena,twitter,http://www.stanley-mcneil.com/author.php,other,trial,check,5c97e67f-c87c-485c-9431-fca6b2330886,True,True,2024-05-03T13:48:11
Allen Campbell,donnahatfield@example.com,Palestinian Territory,other,https://williams.com/main/,personal,trial,paypal,7d7b7779-64a9-4e2b-bae1-16f11902be85,True,False,2024-05-03T14:00:17
Jessica Shah,huntjorge@example.org,Saudi Arabia,twitter,https://blanchard.com/,personal,free,credit_card,54c2d040-e8e2-4cf7-9ec0-90e0ff55902a,False,True,2024-05-03T14:22:33
Christina Patton,mariawilson@example.com,Saint Martin,other,https://hayes-anderson.com/about/,education,premium,check,d581a804-6c9c-4d3d-80f9-65f9c3e66ce2,True,True,2024-05-01T15:25:04
Joshua Potter,ureynolds@example.net,France,other,http://estrada.org/,other,free,check,7f89adf0-6831-4d44-8f1f-abb7a8e4767e,False,False,2024-05-01T16:44:25
Elizabeth Kim,jason66@example.org,Moldova,other,http://www.sweeney-taylor.com/post.html,education,enterprise,credit_card,485f5218-b734-4e6e-9268-248541994189,False,True,2024-05-01T17:23:38
Lindsay Brown,berryjoseph@example.net,Cocos (Keeling) Islands,twitter,http://www.patterson.com/,business,trial,paypal,e603ba11-2913-44bb-adea-8ec9cdd9f09a,False,False,2024-05-01T17:45:40
Brent Snyder,karinabryant@example.com,Saint Lucia,google,http://adams.org/category/app/wp-content/index.html,business,enterprise,paypal,181f312c-9642-4363-96fe-9abdedecb9c9,False,True,2024-05-01T18:26:12
Kristi Khan,mariahgarcia@example.com,Armenia,twitter,http://walsh-warren.info/post/,business,premium,check,162b39ae-9c75-46ad-8398-5cc6c480e062,False,False,2024-05-01T18:36:27
Sandra Murray,fischercheryl@example.com,Bahrain,twitter,http://www.hoffman.com/terms.asp,business,free,credit_card,9540de4d-31fa-46c5-a94f-2316f8f952a6,False,True,2024-05-01T18:49:07
Michael Castillo,xhudson@example.com,France,other,https://lawrence.com/homepage/,personal,trial,other,42910a4d-2972-4312-9e9b-c01eef2db841,False,True,2024-05-01T18:56:23
Jason Roberts,johnzuniga@example.net,Namibia,facebook,https://www.sanchez.com/tags/main/,other,enterprise,credit_card,ad667d46-0f56-4a5b-afa5-af86195da50b,True,False,2024-05-01T19:46:38
Joe Webb,simmonselizabeth@example.com,Uganda,facebook,https://horton.biz/index.html,personal,free,other,b8448cc5-e657-48ab-8bf3-83c1bc0da797,True,True,2024-05-01T20:07:34
Brandon Lawson,russell30@example.net,Cayman Islands,facebook,http://baxter-knox.com/register.php,education,free,check,68d4e9af-9c4c-4994-b577-4bd44e12bbbc,True,True,2024-05-01T20:08:22
Maria Gross,scottmichael@example.com,Togo,google,https://carter.info/search/,personal,free,credit_card,3e9e01ea-7798-455a-8b80-c8c0f8c10153,False,False,2024-05-01T20:23:00
Joseph Bowers,candice13@example.net,Cayman Islands,google,https://wilkerson.biz/author/,education,premium,check,22fa91fa-467a-4ce8-ad55-215498bb801f,True,True,2024-05-01T20:34:01
Nicholas Ward,slawrence@example.net,Palestinian Territory,facebook,http://www.west.com/search/,education,premium,other,1756513b-8db4-4c17-ac0c-4277fbc735cc,True,False,2024-05-01T20:58:52
Timothy Rose,ufrey@example.net,Zimbabwe,other,http://anthony-wilson.com/search/search.html,business,premium,other,3ebe1008-5dc8-4148-88dc-bbffafc39e6c,True,True,2024-05-01T21:31:56
Christina Woodward,chelseajackson@example.net,Uzbekistan,facebook,http://www.vasquez-patterson.com/category/,business,premium,paypal,c5453b49-c90b-4515-83b6-077e6513c222,False,True,2024-05-01T21:40:54
Amy Thompson,rgibson@example.com,Holy See (Vatican City State),twitter,http://green.biz/tags/list/wp-content/author/,personal,trial,paypal,7fe79477-bbfd-4aa7-900d-598d296251a3,True,False,2024-05-01T21:56:31
Kathleen Beasley,patriciafuentes@example.com,Djibouti,google,http://wolf-miles.info/tag/privacy.html,education,trial,paypal,c1f8073e-944d-490d-9c95-157d6f947139,False,False,2024-05-01T21:56:42
Jeremy Carter,lisa26@example.net,Moldova,twitter,https://holmes-guerrero.com/search/,business,premium,check,abcf825c-0cdd-4fa0-8a9d-cc09b88d6802,True,False,2024-05-01T21:56:43
Eileen Williams MD,ronnieodonnell@example.org,Greece,google,http://www.rogers-jones.com/wp-content/index/,education,enterprise,check,cc6b4c8b-2384-4f6f-b9d6-384b6593ab81,True,False,2024-05-01T22:00:53
Anthony Adams,joseph89@example.org,Italy,twitter,http://wise.com/app/categories/post.php,other,premium,credit_card,32cedfbc-0b8d-4985-a900-36168746eddc,False,True,2024-05-01T22:21:10
Katherine Arnold,gloria76@example.com,Burundi,facebook,http://jones.com/tags/category/homepage.html,education,enterprise,check,34dfc423-4ced-4810-be86-9efe1dff7bef,True,True,2024-05-01T22:26:58
Lisa Haynes,michael63@example.com,Andorra,other,https://cooper-reed.info/post.html,other,free,check,aa85d46a-bc1f-42da-8f3b-dbeb88b40afd,True,False,2024-05-01T22:44:29
Preston Castro,pittsmarcus@example.org,Ghana,twitter,https://www.johnson.info/terms/,education,free,credit_card,0430af37-ab94-4e0b-950d-163243e31248,False,False,2024-05-01T22:48:36
Laura Lee,tinafrancis@example.net,Wallis and Futuna,other,http://reeves-powell.biz/,business,enterprise,paypal,978baab5-5593-4866-b9f6-776e0be5ae17,False,True,2024-05-01T23:09:02
Robert Brandt,dkline@example.com,Ghana,google,http://www.flores.com/tag/faq/,business,enterprise,other,6d031e2c-f74d-4c3f-882e-6bc169c2245f,True,False,2024-05-01T23:10:51
Alexa Morrison,clane@example.com,New Zealand,other,https://www.avila.org/home.htm,education,premium,credit_card,66f5897b-24e8-4966-9a15-63c035674199,True,False,2024-05-01T23:17:15
Michael Thomas,gallen@example.net,Poland,twitter,https://www.ruiz.com/faq/,other,premium,credit_card,954cc264-e7c1-4110-90a9-667bb58dd17c,False,True,2024-05-01T23:40:28
Cody Perkins,joshua85@example.net,Congo,google,http://martin-reed.org/,education,premium,other,0de960c5-cac2-40c0-98dc-116b20520251,True,True,2024-05-01T23:58:51
Kevin Becker,howens@example.net,Yemen,google,http://www.yu-glenn.org/main/main.html,other,free,other,cce7b915-f74f-4246-ad71-79157e84f412,True,False,2024-05-02T00:05:27
Andrew Powell,andrew34@example.org,Czech Republic,facebook,https://www.mendez-richardson.com/privacy/,education,premium,other,672ff963-a96a-45a4-add2-47ec24256592,False,True,2024-05-02T00:11:36
Tara Clark,timothymiles@example.com,Saint Pierre and Miquelon,facebook,http://curtis.com/index/,education,free,check,5fcbd549-df97-4e3c-938d-7d509f5214ae,True,True,2024-05-02T00:13:23
Michelle Parker,kharper@example.net,Morocco,other,http://evans.com/,personal,premium,credit_card,8d91a8aa-cb26-4f3a-bda9-662148c2b659,False,False,2024-05-02T00:32:16
Kyle Knapp,brittneyvazquez@example.org,Croatia,google,https://carpenter.info/,other,premium,paypal,15c76774-e3e1-4508-9323-f8430766a25d,False,False,2024-05-02T00:49:55
Chad Hayes,beth55@example.org,Greece,other,https://www.neal.com/register/,other,trial,check,2d346db8-8e9c-45b6-81b0-77fe0d5dfe9e,True,True,2024-05-02T01:00:39
Lynn Ramirez,lauren39@example.net,Djibouti,google,http://www.jenkins.com/explore/register.html,personal,trial,credit_card,9529d913-9be2-456d-a3c3-bc2b786740c0,True,False,2024-05-02T01:46:22
Nicole Riley,roy24@example.net,Swaziland,google,https://bradford.com/tag/posts/tags/author/,personal,premium,paypal,b54204da-2ac2-41e7-97d6-79cf48169a13,False,False,2024-05-02T01:53:14
John Edwards,kglass@example.org,Montenegro,google,https://price.net/blog/blog/main/category.php,business,trial,check,d820620b-1cb5-44f4-bf87-7717488b9ad9,False,True,2024-05-02T02:29:10
Anthony Mann,johnstonandrew@example.net,Zambia,facebook,http://wallace-dixon.org/home/,business,trial,paypal,60e3fbd8-e555-4f8d-841c-c3ea234e4bf4,True,True,2024-05-02T02:51:26
Heidi Turner,kswanson@example.org,Israel,other,https://ramsey-williamson.net/,personal,enterprise,check,e86e4b63-2bee-49b4-a062-f9ced06b6774,True,True,2024-05-02T03:00:29
Mary Bowman,christianduncan@example.org,Guadeloupe,facebook,http://www.dean-snow.com/post/,personal,free,other,53315161-43cd-4a9b-8854-aa9140b8d1fa,False,True,2024-05-02T03:17:27
Kayla Harris,barbara68@example.org,Mongolia,google,http://shea.net/login.jsp,business,enterprise,paypal,d19887bb-2af1-4518-8fa7-334f71a146b4,True,False,2024-05-02T03:25:44
Dustin Braun,alisonholt@example.org,Andorra,facebook,https://www.mills.com/index/,business,enterprise,check,f4848f74-178b-4b78-bdb7-0db36d7483b7,True,True,2024-05-02T03:39:58
Carol Preston,nicholsmorgan@example.org,Svalbard & Jan Mayen Islands,facebook,http://www.cook-davis.info/register.htm,personal,trial,paypal,a30ed1cb-2242-46d9-b158-c834d4a9a56a,True,True,2024-05-02T03:44:37
Adam Rhodes,caitlin96@example.com,Mali,google,http://www.buck.info/blog/tags/author.php,other,free,paypal,0273a5c4-f2ea-44a7-8d29-67ac35b3f9eb,False,False,2024-05-02T03:46:14
Diana Hanson,tammyfreeman@example.net,Italy,facebook,https://yates-henson.org/main/tags/home.asp,personal,free,credit_card,d512175d-f679-4b17-a05c-1767422d6bc6,False,True,2024-05-02T04:59:54
Victor Gilbert,amanda99@example.com,Finland,facebook,http://kennedy.com/main.php,education,trial,paypal,e9ae70c0-2994-4f3f-a3b4-458cc7b95ddd,False,False,2024-05-02T05:03:33
Stephen Adkins,espinozakevin@example.net,Ireland,other,http://www.caldwell.com/search/,other,premium,paypal,4a037c32-5e97-493f-ac68-fd95a32c3e94,False,True,2024-05-02T05:07:06
John Berry,susanbrown@example.net,Samoa,other,https://www.jenkins-sparks.com/posts/register/,other,free,paypal,7c48da13-14bc-4021-af7e-4d3c90975ded,False,False,2024-05-02T05:16:14
Steve Curtis,dana53@example.net,United Arab Emirates,google,https://www.ward.com/terms/,personal,trial,other,996addba-59d3-4bee-acca-5ac827e64842,True,True,2024-05-02T05:25:13
Tommy Watson,maryanderson@example.org,Montenegro,other,https://ward.com/,personal,trial,check,b367a2be-b5a0-4b37-9615-41cd4e9cd7df,False,False,2024-05-02T05:36:28
Emily Allen,phyllischapman@example.net,Maldives,google,http://www.miller-ford.com/,personal,free,paypal,ffd69c49-a4c8-410b-9170-80fd621880b3,True,True,2024-05-02T06:44:14
Ryan Garcia,xknight@example.net,Norfolk Island,facebook,http://www.johnson.net/,personal,enterprise,credit_card,a3c8a275-73e6-49d3-ab43-bf2cc93c835b,False,True,2024-05-02T06:59:38
Jessica Lane,lanelarry@example.com,Turkmenistan,google,http://newman.net/tags/list/blog/home/,business,free,other,02e41d33-6eb6-4f1a-be1c-4d875e1accea,False,True,2024-05-02T07:14:10
Patrick Sutton,jhunt@example.org,Indonesia,facebook,https://www.williams.com/categories/faq.html,personal,trial,other,c41c1206-42be-4c09-98d4-2e9f5f21d236,False,False,2024-05-02T07:35:52
David Crane,david17@example.org,Afghanistan,other,https://www.peterson.com/explore/about/,business,premium,paypal,29271bc0-8570-4f93-90f8-6db81f5e7227,True,False,2024-05-02T07:37:30
Gina Smith,alisonmiller@example.org,Mauritius,twitter,https://wright-stuart.org/main/privacy.jsp,other,trial,check,25093a69-8a81-489b-a639-3705bb535fea,True,True,2024-05-02T07:38:30
Fernando Johnson,charles23@example.com,Malawi,twitter,https://jones-rivera.com/tags/blog/tags/index/,other,free,other,bd51b281-2713-4a13-874b-3d7f3c202c0e,True,True,2024-05-02T07:54:48
Luis Bell,kathyharris@example.net,Argentina,google,http://www.rivera.biz/,other,trial,check,a1fc1f26-ced8-4ff5-ad65-853a94de4973,True,True,2024-05-02T08:48:50
Wendy Lane,lindsey93@example.net,Timor-Leste,google,http://gregory.com/,education,trial,credit_card,93862272-fafc-4641-be11-cd961352575f,False,True,2024-05-02T08:50:36
Rebecca Brown,leslie52@example.com,Brazil,facebook,https://hayes-nelson.com/register/,personal,trial,check,93f48444-40cb-4172-bed1-5a2df5662432,False,False,2024-05-02T08:54:10
James Hill,isandoval@example.com,Panama,facebook,https://fletcher.com/category/search/register.php,education,free,check,9c6824ad-9748-432e-9525-c4c2200b4572,False,True,2024-05-02T09:34:08
Christina Williams,brendaespinoza@example.org,China,other,https://www.hamilton.com/login/,education,free,check,a76cbf0f-9177-49a4-a219-545edbebc5a0,True,True,2024-05-02T09:37:24
Andrew Cline,elizabethperry@example.org,Swaziland,other,https://fernandez-wong.com/categories/category/about.html,personal,enterprise,paypal,cad79cd7-2d1e-4820-a7a6-10d7c60ccfb0,True,False,2024-05-02T09:57:50
Angela Hunter,ernest06@example.net,Saint Vincent and the Grenadines,google,http://torres.org/,other,premium,check,c77f5508-ffef-44a7-ad79-b6138c2c546c,False,True,2024-05-02T10:32:09
Robert Flores,michele59@example.org,United Kingdom,other,http://koch-hughes.com/app/tags/category/homepage/,business,trial,credit_card,5bff287d-b1d0-4669-9953-9db726aaee32,True,True,2024-05-02T10:32:56
Kevin Bailey,ipittman@example.net,Saint Martin,other,http://hensley.com/category/,personal,enterprise,other,cb1ab5ff-f87f-457c-ac11-3c8714ff01e4,True,True,2024-05-02T10:45:40
Thomas Fuentes,iray@example.com,Belarus,google,http://rivera.net/posts/wp-content/search.html,personal,enterprise,credit_card,7bebfc25-340d-47b0-bc31-837c3d43426d,True,False,2024-05-02T10:54:31
Thomas Wilson,mlivingston@example.net,Burundi,google,http://smith.net/categories/tags/terms.php,business,free,other,1eec79f4-f98c-440c-b81d-1f5a660160fa,True,False,2024-05-02T11:14:59
Paula Daniel,ogomez@example.net,Eritrea,google,http://www.harris-shelton.com/categories/explore/about.htm,other,trial,paypal,983a27ba-36ae-4485-a8e8-0f195e517e3c,False,True,2024-05-02T12:38:49
Andrea Martin,nwright@example.com,Mayotte,google,https://crawford-warren.org/posts/list/author.asp,other,enterprise,other,dae166ee-753a-4cba-93fb-427191fa48d9,True,True,2024-05-02T12:52:57
Tiffany Vaughn,lsmith@example.com,Austria,other,http://www.wilson.com/list/wp-content/posts/login/,other,premium,credit_card,2a4a3e75-1178-431c-8865-640ecc060645,False,True,2024-05-02T13:01:56
Gary Lee,wfoster@example.com,Saint Helena,facebook,http://www.ross.biz/list/search/search/terms/,personal,free,other,96c53b7b-6941-4331-91d0-0d87234578cd,True,True,2024-05-02T13:12:45
Mariah Bailey,leslie07@example.org,Korea,twitter,https://johnson-marquez.biz/terms.asp,personal,free,other,36bc2298-7c6a-4b11-86a5-fef5d646c100,False,False,2024-05-02T13:26:50
Karina Marquez,carpenternathan@example.com,France,google,http://www.stevens.info/tag/wp-content/categories/main/,education,trial,credit_card,483c1842-692d-49c4-b535-a3afaf8d19a2,True,False,2024-05-02T14:16:14
Jimmy Gray,brivas@example.com,Liechtenstein,twitter,http://www.ray.com/app/search/category/index/,education,free,paypal,c783bd26-027a-4733-938f-63f88b2f03ae,True,False,2024-05-02T14:29:13
Wanda Powell,david01@example.com,Reunion,google,https://www.roth.com/blog/privacy.htm,other,enterprise,other,4e238a70-b404-45f2-863b-3e7b35970aec,True,False,2024-05-02T14:33:53
Richard Hodge,underwoodbarbara@example.org,Saint Lucia,facebook,http://www.hardin-kim.com/login/,personal,free,other,9896b644-e0e3-4c8e-b119-f97a4b6de30b,False,False,2024-05-02T14:51:12
Stephanie Ashley,taylor72@example.org,Hungary,other,http://hall.com/homepage/,business,trial,check,bdcc5ae1-2eed-4946-82c0-f3cbb6b8467f,False,True,2024-05-02T14:55:20
Amanda Robinson,msantos@example.org,Maldives,other,https://www.johnson.com/explore/tags/search/,business,enterprise,check,cb9a5be8-a595-4115-a2c1-28f56325af18,True,False,2024-04-30T15:09:05
Mary Adams,michealwilliams@example.net,Tuvalu,facebook,https://bailey-stephenson.com/main/categories/register.html,other,trial,paypal,d9e52bec-40e4-4378-8bbb-171a4304baa3,False,False,2024-04-30T15:09:33
Kathryn Warren,odavis@example.net,Thailand,google,http://robles.com/,other,trial,other,866ab6c8-d131-41b2-a71b-652070b64457,False,False,2024-04-30T15:21:02
William Stevens,qkent@example.com,El Salvador,other,http://www.pugh.com/tags/tag/posts/privacy.jsp,education,enterprise,paypal,a7244e6c-edb2-4365-81c9-eb0b3f80b049,True,True,2024-04-30T15:29:17
Emily Jimenez,meyerschristopher@example.org,Ethiopia,other,http://brooks-reyes.com/main/tags/login.asp,personal,enterprise,check,2497107e-cd7c-4519-8cd4-508a9a3553b2,False,True,2024-04-30T15:49:46
Lori Lyons,jeremy05@example.net,Slovenia,twitter,http://vargas.com/categories/search/categories/index/,education,trial,credit_card,3486c449-214d-401f-8d3f-1dfc69328dfb,True,False,2024-04-30T15:52:48
Lauren Lynch,westjoshua@example.org,Sierra Leone,facebook,https://carney.com/,education,enterprise,check,1919a57d-8244-4f4b-8ac0-f0a335a9411b,True,False,2024-04-30T16:29:40
Bradley Carter,shelia57@example.org,Solomon Islands,twitter,https://morgan.org/terms/,other,enterprise,credit_card,f723f071-11d9-45e5-b2ff-33b5482ce612,True,False,2024-04-30T16:53:06
Scott Murray,thomasharvey@example.net,Martinique,twitter,http://sandoval.com/author.html,personal,enterprise,check,185a80a3-ed5d-416e-92a1-793b53b40a8e,False,False,2024-04-30T17:27:17
Heather Mcdonald,tfrench@example.org,Iran,twitter,http://allen.org/,education,enterprise,paypal,e541db6e-a61c-43c8-ac30-594411cf8a7c,True,False,2024-04-30T17:29:33
James Gonzales,walter12@example.com,Gambia,other,https://marshall.org/tag/category/,education,trial,other,bee8738d-2e41-4e68-b3f6-dd6d2a0a2474,True,False,2024-04-30T17:35:45
Edward Snyder,dudleyjames@example.net,South Africa,facebook,https://www.cunningham.com/privacy.html,other,trial,credit_card,a892eece-69b2-43a7-bcf2-bc20824c81ef,False,True,2024-04-30T17:58:41
Andrea Johnston,jordan77@example.com,Tuvalu,other,http://shaffer.net/tag/search/register/,other,trial,other,4d22b147-3d54-4f9c-be0a-5bdb4f76ab7e,False,True,2024-04-30T18:30:58
Jacob Sullivan,anguyen@example.com,Togo,twitter,http://martin.com/wp-content/app/list/faq/,other,premium,credit_card,59d9b4f5-86a9-4cf7-9fad-986f0549bf9d,False,False,2024-04-30T18:33:44
Justin Owens,valeriemurphy@example.org,Lao People's Democratic Republic,google,http://www.greer.com/register.htm,personal,enterprise,check,297154ca-ad7e-45a9-bfa8-47584013babb,True,False,2024-04-30T18:34:49
Jennifer Edwards,michelle36@example.org,Cote d'Ivoire,twitter,http://www.anthony.com/explore/explore/tags/homepage/,personal,trial,check,774e6085-8021-45ab-bda1-7962b02f16af,False,True,2024-04-30T18:43:40
Angela Wilson,martinezderek@example.org,Nauru,other,https://robinson-gomez.com/index/,education,trial,credit_card,9248f1dc-2757-48ed-a586-3e84d3e378fe,False,False,2024-04-30T19:12:45
Joseph Roberson,nunezalicia@example.net,Turks and Caicos Islands,google,http://www.paul-rodriguez.info/category/login/,education,trial,other,fb46fbc8-5682-4ada-bb89-e2fd7af8ae37,False,False,2024-04-30T19:34:40
Kimberly Kemp,andersondeborah@example.net,Finland,twitter,https://www.yang-powell.com/category/categories/categories/author.asp,other,free,paypal,ea8a618c-16a6-4253-a0ff-29016cb19073,True,False,2024-04-30T19:57:42
Ashley Bailey,michaela58@example.com,Sudan,other,http://chandler-atkinson.biz/posts/index/,personal,trial,other,535f6c84-cf29-48c0-a5f7-345745f22e67,False,False,2024-04-30T20:12:18
Kristen Patrick,iolson@example.com,Barbados,twitter,https://www.hoover.com/post.html,business,enterprise,check,e0707e7a-64e1-4799-b57f-e8ee1229f287,True,True,2024-04-30T20:18:43
Mrs. Tonya Perry,luisdillon@example.net,Cayman Islands,google,https://weber.net/main/homepage/,other,trial,other,baecc9c0-8b0b-42b9-8097-0b9d86035f34,False,False,2024-04-30T20:29:15
Diana Fields,evan88@example.net,Croatia,facebook,http://garcia.org/index.php,other,trial,paypal,360d1e77-3fa7-4966-a12d-e8a4d1c31f56,False,True,2024-04-30T20:31:31
Allen King,michaeljackson@example.org,Argentina,other,https://christensen-wade.net/category/tags/categories/register.jsp,other,premium,paypal,6e230fb2-ddd9-42db-a57f-a98ae3a17b7c,True,True,2024-04-30T20:32:20
Dylan Brown,gwilson@example.com,Germany,facebook,https://austin-myers.org/app/category/,business,premium,other,dabab0bf-99a4-4a05-befc-70ba2fb12414,True,False,2024-04-30T21:07:47
Samantha White,johndennis@example.net,Tanzania,google,http://www.moore-bruce.biz/terms/,education,premium,check,7f951027-b9c7-40cd-8ac9-5995d524c8c5,True,False,2024-04-30T21:26:52
Rachel Hood,maureen03@example.org,Russian Federation,facebook,https://www.russo.com/list/categories/blog/post.html,education,premium,other,e0c505f9-2fd9-4361-81b6-3a82a3ca33fc,False,False,2024-04-30T21:40:10
Katie Wagner,timothy42@example.com,Syrian Arab Republic,twitter,https://rich.com/wp-content/tag/tag/about.html,education,trial,credit_card,d547a228-5e18-418c-b5d2-ba5b68b648ce,True,True,2024-04-30T21:59:30
Thomas Smith,kevinhurley@example.com,North Macedonia,twitter,https://hill.biz/,personal,enterprise,check,e4e66030-21fc-4a2a-883d-7b01a3f53802,True,True,2024-04-30T23:40:50
Jeremy Brown,alexstevenson@example.net,Jersey,twitter,https://www.foster-johnston.biz/,business,trial,other,3f12dc26-27a3-457c-a762-2afcda5ac9f9,True,False,2024-05-01T00:24:39
Carla Singh,dennisfranklin@example.net,Cape Verde,facebook,https://www.gordon-rodriguez.com/search/,business,enterprise,other,69902536-599e-442d-9aaa-7ece2a47919f,True,False,2024-05-01T01:10:43
Heather Barrett,mollyhowe@example.net,Ecuador,facebook,http://hernandez.com/app/categories/explore/category/,education,trial,check,6e42365e-bc08-4bc3-bf57-ca202e08983c,False,True,2024-05-01T01:20:47
Emily Hunter,nbrooks@example.com,Zambia,facebook,http://brown-martinez.com/search/,personal,free,credit_card,7e6aecfd-dfe4-403c-b52f-35c067e47133,False,False,2024-05-01T01:30:45
Bobby Taylor,williampaul@example.org,Sudan,twitter,https://www.miller.net/app/homepage.html,other,trial,check,e395c4eb-de80-43a8-8913-4d552b2d22e8,False,False,2024-05-01T01:58:34
Joshua Johnson,reginald80@example.net,Antigua and Barbuda,google,http://www.novak-thomas.org/search/,business,trial,check,968a07b9-654d-4af8-96d5-dc51c76b1383,False,False,2024-05-01T03:04:46
Dr. Robert Sanchez,cassandra95@example.com,Korea,google,http://gonzalez-williams.com/blog/app/homepage/,business,enterprise,credit_card,fb672d2c-cabc-43a3-99a5-b066314dbbc3,False,True,2024-05-01T03:09:18
Jason Velez,afernandez@example.org,Estonia,google,http://www.larson.net/category/,business,premium,credit_card,4d8aec37-60c1-4140-b73c-df6f05754bde,True,False,2024-05-01T03:15:08
Kristen Hunt,qchurch@example.org,Macao,facebook,http://mercado-bates.biz/list/blog/tags/register/,personal,free,check,008ce752-d3a2-4896-81bc-49f541f56268,True,False,2024-05-01T03:36:51
John Barron,lindsey28@example.org,Barbados,twitter,http://www.allen.com/login.html,education,premium,check,b1c40ba9-8958-470e-a67f-e4a5fecfde2c,False,True,2024-05-01T03:38:20
Patrick Cox,jtaylor@example.com,Albania,facebook,https://www.morrison-smith.com/category/explore/faq/,other,free,check,a86ce0bc-98ab-4421-befa-4e0bb0191fc2,True,True,2024-05-01T03:43:24
Christopher Johnson,annawilson@example.com,Mauritania,facebook,https://crawford.com/app/home/,personal,enterprise,check,aded8cae-899d-4c6a-8753-c6bc22675820,False,True,2024-05-01T03:49:34
Mr. Richard Lewis,wadejay@example.com,Sierra Leone,google,https://burns-white.com/,business,free,other,a3b84e96-ce6a-4462-8863-11b5f7af739e,True,False,2024-05-01T04:05:49
Tammy Ford,jimblair@example.org,Jamaica,twitter,https://ward.com/tags/main/category/homepage/,business,free,paypal,e35fa8b6-1ed1-452e-96f8-d4c4434e8460,True,True,2024-05-01T04:18:27
Michael Williams,newmanalex@example.org,Benin,twitter,http://www.gill-stevenson.biz/register.htm,personal,free,other,d0f645c4-e90a-422f-afdf-ce9883c78ef0,False,False,2024-05-01T04:20:11
James Lee,richard61@example.com,Micronesia,facebook,http://www.palmer.net/author/,business,enterprise,other,21ac2f86-8ffb-4660-855c-849ad47db1d8,False,True,2024-05-01T04:51:09
Jennifer Hall,jaustin@example.org,Iraq,facebook,https://smith-kelly.com/privacy.htm,education,enterprise,credit_card,75d63f5d-05c0-4979-877d-654d5355ef56,True,True,2024-05-01T05:08:47
Christine Smith,lgreene@example.net,Madagascar,other,https://blackburn-copeland.com/explore/explore/search/home.php,business,enterprise,check,691494ff-5e7b-429a-855f-a949fd3dd6c0,False,False,2024-05-01T05:12:18
Jasmine Hughes,ucarrillo@example.org,Cape Verde,other,https://www.dominguez.org/categories/register/,other,free,check,3bb0ea7c-8fef-4663-ace2-b09443923b15,True,True,2024-05-01T05:15:07
Tammy Rivera,wendycoffey@example.net,United States Minor Outlying Islands,other,http://gonzalez.com/index/,education,trial,other,7492323b-323f-499d-b398-930f4c8f9bbf,True,False,2024-05-01T05:20:42
Jenny Gordon,heidi81@example.com,Burkina Faso,facebook,https://www.bauer.info/search.php,personal,trial,paypal,7f9061d1-cf77-4402-a98e-d299295582eb,False,False,2024-05-01T05:46:01
Catherine Butler,dunlaprobert@example.net,Georgia,google,https://hernandez.com/blog/author.php,education,premium,other,20d38181-09a9-4f10-9301-d6fad9916fd5,True,True,2024-05-01T06:10:37
Danielle Castillo,fsmith@example.com,Egypt,facebook,https://wood-brown.net/post.html,personal,free,paypal,e3356056-69fa-4d33-9cb4-ac5474f75e7b,False,False,2024-05-01T06:40:35
Savannah Marquez,jonathan18@example.org,Kiribati,facebook,https://gaines.biz/app/author.html,personal,trial,check,380f6d62-c4b3-4347-829e-28573462c566,True,True,2024-05-01T06:46:02
Connor Hendricks,lcohen@example.org,Swaziland,other,http://www.smith.org/register.html,other,enterprise,paypal,ea7f4254-fc35-437b-bf03-e583c47b34ad,True,True,2024-05-01T07:05:28
Frances Mccoy,lauren87@example.com,Solomon Islands,twitter,https://hood.net/main/category/about.htm,business,free,other,3e4637ed-fcd4-4620-955b-ce922a1ab013,True,False,2024-05-01T07:15:51
Shaun Cox,floreselizabeth@example.net,Guadeloupe,facebook,https://weber.com/home.htm,other,free,paypal,6b67cbe5-d9b2-4783-8f27-eca8d6bfc2ac,False,False,2024-05-01T07:45:14
Taylor Lopez,drodriguez@example.net,Japan,other,https://www.simpson.com/homepage.htm,business,enterprise,paypal,91173c3e-902a-43aa-9ded-e95c0a2ce2b2,True,True,2024-05-01T07:50:30
Steve Pittman,villarrealkevin@example.org,Syrian Arab Republic,google,https://orr.com/about/,business,free,paypal,8b32519f-07d2-47e6-aef9-620b8e30ea42,True,True,2024-05-01T08:01:06
William Jones,meghanharris@example.net,Uganda,other,http://mason.biz/main/main/faq/,business,free,paypal,017a01fc-5246-409c-8ba1-0c267bdf6f6d,True,True,2024-05-01T08:10:50
Steven Brown MD,william93@example.net,Iceland,facebook,http://www.morales.com/,personal,trial,check,ee0d918b-970b-4b22-a477-c86158aa4e03,False,True,2024-05-01T08:15:19
Glen Lucas,ycastaneda@example.com,Swaziland,facebook,https://white.org/posts/login/,education,trial,other,de164f03-f97a-42ed-a6de-0ca4082c20ed,True,False,2024-05-01T08:18:02
Vincent Haynes,jason82@example.net,Iraq,facebook,http://martinez.org/homepage/,personal,premium,credit_card,9ebc064f-4e44-40c6-ab86-adb00a3c7fee,False,False,2024-05-01T08:43:06
Caitlin Berry,xmendez@example.net,Romania,twitter,https://jackson.com/,business,premium,check,75d2c0ab-03bd-4875-bf9d-94bee7811514,True,False,2024-05-01T08:49:46
Mary James,clarkjames@example.org,Bahamas,google,http://bush.com/explore/categories/search/main.html,personal,enterprise,credit_card,56e75503-fa07-4167-969f-febe63749e9e,True,True,2024-05-01T09:09:46
Kimberly Curry,riospaige@example.com,Tunisia,other,http://rivera-pena.com/tags/posts/tags/post.html,personal,free,paypal,cc3cc531-2868-4648-97d6-42c40d2ff733,False,False,2024-05-01T09:20:50
Amy Bush,charles15@example.net,Belarus,other,http://woods.net/index.asp,personal,trial,check,3a94ab89-dc18-4e68-b2d4-b481d13a2ace,True,True,2024-05-01T09:26:59
Stephen Smith,jeff97@example.com,Norway,facebook,https://www.fisher-johnson.com/category/,personal,premium,check,e054afd8-2552-47d9-b250-d5cef74ca746,False,True,2024-05-01T09:48:37
Arthur Hart,jane42@example.org,Guam,other,http://wright.com/category.php,education,trial,check,c541799c-2371-4947-a25a-01d60a603bbf,True,False,2024-05-01T10:15:24
Kevin Bailey,kristine30@example.com,Niger,twitter,https://johnston-grimes.com/posts/posts/search.htm,other,trial,other,5ad7fe02-3d65-4416-b278-4898a7991a75,False,False,2024-05-01T10:36:20
Annette Kidd,elizabethlewis@example.net,San Marino,twitter,https://johnson.net/explore/search/,personal,trial,paypal,fe5c0179-5656-4285-ab76-280736e4b30d,False,True,2024-05-01T10:59:56
Jerry Henderson,johnsontimothy@example.com,Guyana,google,https://www.morrison-allen.com/about.html,personal,premium,paypal,b9d159cf-ee49-4cdb-884e-102748fac266,True,True,2024-05-01T11:02:45
Nicholas Mcgee,angela17@example.com,Denmark,twitter,http://www.reyes-gonzalez.com/,business,trial,paypal,e0f0cf5b-3cfa-4f4a-8657-f639d5133213,True,False,2024-05-01T11:12:44
Joshua Brown,andrew52@example.net,Heard Island and McDonald Islands,twitter,http://parker.biz/,business,enterprise,credit_card,59ea32fc-e289-4093-b297-8d8bf5639596,True,True,2024-05-01T11:14:58
Manuel Frye,mpeterson@example.com,Latvia,other,http://gordon.net/,business,premium,paypal,a15d60c9-7ba5-4bee-a94d-0568cedcf321,True,True,2024-05-01T11:16:47
David Mendoza,alexandria06@example.com,Chad,other,http://valentine-rivera.net/main/post/,education,premium,check,6e9694bc-fe42-4eaa-b673-cf7bbe6cc651,False,True,2024-05-01T11:44:18
Jamie Wolf,matthew85@example.com,Ecuador,twitter,https://www.turner.com/search.asp,education,premium,paypal,7cc2daf8-fb32-4cf1-aec3-f579b4f657b9,False,True,2024-05-01T12:13:17
Alexandra Martin,dhernandez@example.org,Cyprus,facebook,https://james.com/,business,enterprise,paypal,2ca273a1-dbe4-4592-bdc9-6d6fda14d6cd,False,False,2024-05-01T12:45:01
Amanda Ray,mjimenez@example.com,Argentina,facebook,https://park.com/categories/blog/register/,education,premium,paypal,9bf54c61-2d6c-4450-96c7-a0f337d26456,True,True,2024-05-01T12:53:10
Michelle Lopez,jonathan38@example.org,Algeria,twitter,https://james.net/homepage/,other,enterprise,credit_card,6a27d136-b7cf-4f5a-9438-db8724ddf7c2,False,False,2024-05-01T12:59:15
Heather Sanchez,bryanmartinez@example.com,Svalbard & Jan Mayen Islands,twitter,https://moyer.biz/app/explore/posts/about/,education,premium,other,8e64d915-4376-4425-8dd3-b5460548b766,True,True,2024-05-01T13:25:14
Stephanie Miller,jacosta@example.org,Sierra Leone,facebook,https://lambert.com/login.php,business,premium,credit_card,c04b7bc1-eaba-40c4-8185-a0fea31d6d42,True,False,2024-05-01T13:30:51
Derek Garcia,qchavez@example.org,Madagascar,twitter,http://potter.biz/homepage/,other,free,check,e9e4e78c-2109-4fc3-9adc-829ed1add4c2,True,False,2024-05-01T14:01:19
Janet Chung,mvillegas@example.com,Niger,other,https://www.sanchez.biz/,personal,enterprise,paypal,c3b6dd10-30ec-4fc0-8de8-9585c33cde76,True,True,2024-05-01T14:04:54
David Massey,jameshayes@example.org,Isle of Man,other,https://salazar.com/,business,free,paypal,ab3b1da0-404f-467f-950e-9269932a63d5,True,True,2024-05-01T14:07:19
Teresa Wells,rodgerstara@example.net,Swaziland,other,https://sanders.com/wp-content/explore/explore/terms/,business,free,paypal,06eee8d7-5650-44df-86e3-514ad49b6450,False,False,2024-05-01T14:09:55
Gloria Hudson,connie26@example.net,Italy,other,http://www.barber-dawson.com/search/main/wp-content/homepage.asp,business,enterprise,other,a3cbfa8b-a5fe-4b49-978b-df6433956244,True,True,2024-05-01T14:18:06
Matthew Reed,fbutler@example.net,India,other,https://price.biz/,business,premium,other,2ea25149-d2da-4037-adfa-0dac27b31c92,True,False,2024-05-01T14:44:08
Mary Hayes,thancock@example.net,Mexico,facebook,https://www.martinez.info/tags/explore/posts/author.jsp,other,premium,other,724771bb-c36b-49ba-9a4d-2c13abf1ba19,False,False,2024-05-01T14:51:07
